Gym Name,Timestamp,Predicted,PredictionMadeAt
HNH Court 1 Basketball,2025-10-02 00:00:00-04:00,6,2025-10-02 00:17:49.085056-04:00
HNH Court 1 Basketball,2025-10-02 00:30:00-04:00,6,2025-10-02 00:17:49.085056-04:00
HNH Court 1 Basketball,2025-10-02 01:00:00-04:00,6,2025-10-02 00:17:49.085056-04:00
HNH Court 1 Basketball,2025-10-02 01:30:00-04:00,6,2025-10-02 00:17:49.085056-04:00
HNH Court 1 Basketball,2025-10-02 02:00:00-04:00,6,2025-10-02 00:17:49.085056-04:00
HNH Court 1 Basketball,2025-10-02 02:30:00-04:00,6,2025-10-02 00:17:49.085056-04:00
HNH Court 1 Basketball,2025-10-02 03:00:00-04:00,6,2025-10-02 00:17:49.085056-04:00
HNH Court 1 Basketball,2025-10-02 03:30:00-04:00,6,2025-10-02 00:17:49.085056-04:00
HNH Court 1 Basketball,2025-10-02 04:00:00-04:00,6,2025-10-02 00:17:49.085056-04:00
HNH Court 1 Basketball,2025-10-02 04:30:00-04:00,6,2025-10-02 00:17:49.085056-04:00
HNH Court 1 Basketball,2025-10-02 05:00:00-04:00,6,2025-10-02 00:17:49.085056-04:00
HNH Court 1 Basketball,2025-10-02 05:30:00-04:00,6,2025-10-02 00:17:49.085056-04:00
HNH Court 1 Basketball,2025-10-02 06:00:00-04:00,6,2025-10-02 00:17:49.085056-04:00
HNH Court 1 Basketball,2025-10-02 06:30:00-04:00,6,2025-10-02 00:17:49.085056-04:00
HNH Court 1 Basketball,2025-10-02 07:00:00-04:00,6,2025-10-02 07:12:15.711832-04:00
HNH Court 1 Basketball,2025-10-02 07:30:00-04:00,6,2025-10-02 07:36:08.696320-04:00
HNH Court 1 Basketball,2025-10-02 08:00:00-04:00,6,2025-10-02 07:36:08.696320-04:00
HNH Court 1 Basketball,2025-10-02 08:30:00-04:00,6,2025-10-02 08:30:37.684441-04:00
HNH Court 1 Basketball,2025-10-02 09:00:00-04:00,6,2025-10-02 09:23:51.921564-04:00
HNH Court 1 Basketball,2025-10-02 09:30:00-04:00,6,2025-10-02 09:41:54.523878-04:00
HNH Court 1 Basketball,2025-10-02 10:00:00-04:00,6,2025-10-02 10:14:57.192798-04:00
HNH Court 1 Basketball,2025-10-02 10:30:00-04:00,6,2025-10-02 10:40:33.169129-04:00
HNH Court 1 Basketball,2025-10-02 11:00:00-04:00,6,2025-10-02 11:16:08.233545-04:00
HNH Court 1 Basketball,2025-10-02 11:30:00-04:00,6,2025-10-02 11:16:08.233545-04:00
HNH Court 1 Basketball,2025-10-02 12:00:00-04:00,6,2025-10-02 12:18:55.184256-04:00
HNH Court 1 Basketball,2025-10-02 12:30:00-04:00,6,2025-10-02 12:44:01.318570-04:00
HNH Court 1 Basketball,2025-10-02 13:00:00-04:00,6,2025-10-02 13:11:53.320038-04:00
HNH Court 1 Basketball,2025-10-02 13:30:00-04:00,6,2025-10-02 13:36:16.923023-04:00
HNH Court 1 Basketball,2025-10-02 14:00:00-04:00,6,2025-10-02 14:21:35.779580-04:00
HNH Court 1 Basketball,2025-10-02 14:30:00-04:00,6,2025-10-02 14:44:33.666153-04:00
HNH Court 1 Basketball,2025-10-02 15:00:00-04:00,5,2025-10-02 15:12:40.993826-04:00
HNH Court 1 Basketball,2025-10-02 15:30:00-04:00,6,2025-10-02 15:36:27.823454-04:00
HNH Court 1 Basketball,2025-10-02 16:00:00-04:00,6,2025-10-02 16:16:21.413486-04:00
HNH Court 1 Basketball,2025-10-02 16:30:00-04:00,4,2025-10-02 16:38:41.159023-04:00
HNH Court 1 Basketball,2025-10-02 17:00:00-04:00,3,2025-10-02 17:13:19.612938-04:00
HNH Court 1 Basketball,2025-10-02 17:30:00-04:00,6,2025-10-02 17:35:26.529157-04:00
HNH Court 1 Basketball,2025-10-02 18:00:00-04:00,12,2025-10-02 18:13:37.429495-04:00
HNH Court 1 Basketball,2025-10-02 18:30:00-04:00,19,2025-10-02 18:37:23.583119-04:00
HNH Court 1 Basketball,2025-10-02 19:00:00-04:00,18,2025-10-02 19:13:24.512178-04:00
HNH Court 1 Basketball,2025-10-02 19:30:00-04:00,18,2025-10-02 19:13:24.512178-04:00
HNH Court 1 Basketball,2025-10-02 20:00:00-04:00,18,2025-10-02 19:13:24.512178-04:00
HNH Court 1 Basketball,2025-10-02 20:30:00-04:00,16,2025-10-02 19:13:24.512178-04:00
HNH Court 1 Basketball,2025-10-02 21:00:00-04:00,17,2025-10-02 19:13:24.512178-04:00
HNH Court 1 Basketball,2025-10-02 21:30:00-04:00,13,2025-10-02 19:13:24.512178-04:00
HNH Court 1 Basketball,2025-10-02 22:00:00-04:00,13,2025-10-02 19:13:24.512178-04:00
HNH Court 1 Basketball,2025-10-02 22:30:00-04:00,13,2025-10-02 19:13:24.512178-04:00
HNH Court 1 Basketball,2025-10-02 23:00:00-04:00,13,2025-10-02 19:13:24.512178-04:00
HNH Court 1 Basketball,2025-10-02 23:30:00-04:00,13,2025-10-02 19:13:24.512178-04:00
HNH Court 2 Volleyball/Badminton,2025-10-02 00:00:00-04:00,2,2025-10-02 00:17:49.085056-04:00
HNH Court 2 Volleyball/Badminton,2025-10-02 00:30:00-04:00,2,2025-10-02 00:17:49.085056-04:00
HNH Court 2 Volleyball/Badminton,2025-10-02 01:00:00-04:00,2,2025-10-02 00:17:49.085056-04:00
HNH Court 2 Volleyball/Badminton,2025-10-02 01:30:00-04:00,2,2025-10-02 00:17:49.085056-04:00
HNH Court 2 Volleyball/Badminton,2025-10-02 02:00:00-04:00,2,2025-10-02 00:17:49.085056-04:00
HNH Court 2 Volleyball/Badminton,2025-10-02 02:30:00-04:00,2,2025-10-02 00:17:49.085056-04:00
HNH Court 2 Volleyball/Badminton,2025-10-02 03:00:00-04:00,2,2025-10-02 00:17:49.085056-04:00
HNH Court 2 Volleyball/Badminton,2025-10-02 03:30:00-04:00,2,2025-10-02 00:17:49.085056-04:00
HNH Court 2 Volleyball/Badminton,2025-10-02 04:00:00-04:00,2,2025-10-02 00:17:49.085056-04:00
HNH Court 2 Volleyball/Badminton,2025-10-02 04:30:00-04:00,2,2025-10-02 00:17:49.085056-04:00
HNH Court 2 Volleyball/Badminton,2025-10-02 05:00:00-04:00,2,2025-10-02 00:17:49.085056-04:00
HNH Court 2 Volleyball/Badminton,2025-10-02 05:30:00-04:00,2,2025-10-02 00:17:49.085056-04:00
HNH Court 2 Volleyball/Badminton,2025-10-02 06:00:00-04:00,2,2025-10-02 00:17:49.085056-04:00
HNH Court 2 Volleyball/Badminton,2025-10-02 06:30:00-04:00,2,2025-10-02 00:17:49.085056-04:00
HNH Court 2 Volleyball/Badminton,2025-10-02 07:00:00-04:00,2,2025-10-02 07:12:15.711832-04:00
HNH Court 2 Volleyball/Badminton,2025-10-02 07:30:00-04:00,2,2025-10-02 07:36:08.696320-04:00
HNH Court 2 Volleyball/Badminton,2025-10-02 08:00:00-04:00,2,2025-10-02 07:36:08.696320-04:00
HNH Court 2 Volleyball/Badminton,2025-10-02 08:30:00-04:00,2,2025-10-02 08:30:37.684441-04:00
HNH Court 2 Volleyball/Badminton,2025-10-02 09:00:00-04:00,2,2025-10-02 09:23:51.921564-04:00
HNH Court 2 Volleyball/Badminton,2025-10-02 09:30:00-04:00,2,2025-10-02 09:41:54.523878-04:00
HNH Court 2 Volleyball/Badminton,2025-10-02 10:00:00-04:00,2,2025-10-02 10:14:57.192798-04:00
HNH Court 2 Volleyball/Badminton,2025-10-02 10:30:00-04:00,2,2025-10-02 10:40:33.169129-04:00
HNH Court 2 Volleyball/Badminton,2025-10-02 11:00:00-04:00,2,2025-10-02 11:16:08.233545-04:00
HNH Court 2 Volleyball/Badminton,2025-10-02 11:30:00-04:00,2,2025-10-02 11:16:08.233545-04:00
HNH Court 2 Volleyball/Badminton,2025-10-02 12:00:00-04:00,2,2025-10-02 12:18:55.184256-04:00
HNH Court 2 Volleyball/Badminton,2025-10-02 12:30:00-04:00,2,2025-10-02 12:44:01.318570-04:00
HNH Court 2 Volleyball/Badminton,2025-10-02 13:00:00-04:00,2,2025-10-02 13:11:53.320038-04:00
HNH Court 2 Volleyball/Badminton,2025-10-02 13:30:00-04:00,2,2025-10-02 13:36:16.923023-04:00
HNH Court 2 Volleyball/Badminton,2025-10-02 14:00:00-04:00,2,2025-10-02 14:21:35.779580-04:00
HNH Court 2 Volleyball/Badminton,2025-10-02 14:30:00-04:00,2,2025-10-02 14:44:33.666153-04:00
HNH Court 2 Volleyball/Badminton,2025-10-02 15:00:00-04:00,1,2025-10-02 15:12:40.993826-04:00
HNH Court 2 Volleyball/Badminton,2025-10-02 15:30:00-04:00,1,2025-10-02 15:36:27.823454-04:00
HNH Court 2 Volleyball/Badminton,2025-10-02 16:00:00-04:00,2,2025-10-02 16:16:21.413486-04:00
HNH Court 2 Volleyball/Badminton,2025-10-02 16:30:00-04:00,15,2025-10-02 16:38:41.159023-04:00
HNH Court 2 Volleyball/Badminton,2025-10-02 17:00:00-04:00,23,2025-10-02 17:13:19.612938-04:00
HNH Court 2 Volleyball/Badminton,2025-10-02 17:30:00-04:00,25,2025-10-02 17:35:26.529157-04:00
HNH Court 2 Volleyball/Badminton,2025-10-02 18:00:00-04:00,27,2025-10-02 18:13:37.429495-04:00
HNH Court 2 Volleyball/Badminton,2025-10-02 18:30:00-04:00,24,2025-10-02 18:37:23.583119-04:00
HNH Court 2 Volleyball/Badminton,2025-10-02 19:00:00-04:00,24,2025-10-02 19:13:24.512178-04:00
HNH Court 2 Volleyball/Badminton,2025-10-02 19:30:00-04:00,26,2025-10-02 19:13:24.512178-04:00
HNH Court 2 Volleyball/Badminton,2025-10-02 20:00:00-04:00,29,2025-10-02 19:13:24.512178-04:00
HNH Court 2 Volleyball/Badminton,2025-10-02 20:30:00-04:00,28,2025-10-02 19:13:24.512178-04:00
HNH Court 2 Volleyball/Badminton,2025-10-02 21:00:00-04:00,26,2025-10-02 19:13:24.512178-04:00
HNH Court 2 Volleyball/Badminton,2025-10-02 21:30:00-04:00,25,2025-10-02 19:13:24.512178-04:00
HNH Court 2 Volleyball/Badminton,2025-10-02 22:00:00-04:00,25,2025-10-02 19:13:24.512178-04:00
HNH Court 2 Volleyball/Badminton,2025-10-02 22:30:00-04:00,25,2025-10-02 19:13:24.512178-04:00
HNH Court 2 Volleyball/Badminton,2025-10-02 23:00:00-04:00,25,2025-10-02 19:13:24.512178-04:00
HNH Court 2 Volleyball/Badminton,2025-10-02 23:30:00-04:00,25,2025-10-02 19:13:24.512178-04:00
Helen Newman Fitness Center,2025-10-02 00:00:00-04:00,11,2025-10-02 00:17:49.085056-04:00
Helen Newman Fitness Center,2025-10-02 00:30:00-04:00,11,2025-10-02 00:17:49.085056-04:00
Helen Newman Fitness Center,2025-10-02 01:00:00-04:00,11,2025-10-02 00:17:49.085056-04:00
Helen Newman Fitness Center,2025-10-02 01:30:00-04:00,11,2025-10-02 00:17:49.085056-04:00
Helen Newman Fitness Center,2025-10-02 02:00:00-04:00,11,2025-10-02 00:17:49.085056-04:00
Helen Newman Fitness Center,2025-10-02 02:30:00-04:00,11,2025-10-02 00:17:49.085056-04:00
Helen Newman Fitness Center,2025-10-02 03:00:00-04:00,11,2025-10-02 00:17:49.085056-04:00
Helen Newman Fitness Center,2025-10-02 03:30:00-04:00,11,2025-10-02 00:17:49.085056-04:00
Helen Newman Fitness Center,2025-10-02 04:00:00-04:00,11,2025-10-02 00:17:49.085056-04:00
Helen Newman Fitness Center,2025-10-02 04:30:00-04:00,11,2025-10-02 00:17:49.085056-04:00
Helen Newman Fitness Center,2025-10-02 05:00:00-04:00,11,2025-10-02 00:17:49.085056-04:00
Helen Newman Fitness Center,2025-10-02 05:30:00-04:00,11,2025-10-02 00:17:49.085056-04:00
Helen Newman Fitness Center,2025-10-02 06:00:00-04:00,11,2025-10-02 00:17:49.085056-04:00
Helen Newman Fitness Center,2025-10-02 06:30:00-04:00,21,2025-10-02 00:17:49.085056-04:00
Helen Newman Fitness Center,2025-10-02 07:00:00-04:00,25,2025-10-02 07:12:15.711832-04:00
Helen Newman Fitness Center,2025-10-02 07:30:00-04:00,22,2025-10-02 07:36:08.696320-04:00
Helen Newman Fitness Center,2025-10-02 08:00:00-04:00,25,2025-10-02 07:36:08.696320-04:00
Helen Newman Fitness Center,2025-10-02 08:30:00-04:00,31,2025-10-02 08:30:37.684441-04:00
Helen Newman Fitness Center,2025-10-02 09:00:00-04:00,26,2025-10-02 09:23:51.921564-04:00
Helen Newman Fitness Center,2025-10-02 09:30:00-04:00,25,2025-10-02 09:41:54.523878-04:00
Helen Newman Fitness Center,2025-10-02 10:00:00-04:00,18,2025-10-02 10:14:57.192798-04:00
Helen Newman Fitness Center,2025-10-02 10:30:00-04:00,32,2025-10-02 10:40:33.169129-04:00
Helen Newman Fitness Center,2025-10-02 11:00:00-04:00,30,2025-10-02 11:16:08.233545-04:00
Helen Newman Fitness Center,2025-10-02 11:30:00-04:00,13,2025-10-02 11:16:08.233545-04:00
Helen Newman Fitness Center,2025-10-02 12:00:00-04:00,18,2025-10-02 12:18:55.184256-04:00
Helen Newman Fitness Center,2025-10-02 12:30:00-04:00,21,2025-10-02 12:44:01.318570-04:00
Helen Newman Fitness Center,2025-10-02 13:00:00-04:00,21,2025-10-02 13:11:53.320038-04:00
Helen Newman Fitness Center,2025-10-02 13:30:00-04:00,21,2025-10-02 13:36:16.923023-04:00
Helen Newman Fitness Center,2025-10-02 14:00:00-04:00,19,2025-10-02 14:21:35.779580-04:00
Helen Newman Fitness Center,2025-10-02 14:30:00-04:00,24,2025-10-02 14:44:33.666153-04:00
Helen Newman Fitness Center,2025-10-02 15:00:00-04:00,33,2025-10-02 15:12:40.993826-04:00
Helen Newman Fitness Center,2025-10-02 15:30:00-04:00,39,2025-10-02 15:36:27.823454-04:00
Helen Newman Fitness Center,2025-10-02 16:00:00-04:00,43,2025-10-02 16:16:21.413486-04:00
Helen Newman Fitness Center,2025-10-02 16:30:00-04:00,42,2025-10-02 16:38:41.159023-04:00
Helen Newman Fitness Center,2025-10-02 17:00:00-04:00,53,2025-10-02 17:13:19.612938-04:00
Helen Newman Fitness Center,2025-10-02 17:30:00-04:00,48,2025-10-02 17:35:26.529157-04:00
Helen Newman Fitness Center,2025-10-02 18:00:00-04:00,50,2025-10-02 18:13:37.429495-04:00
Helen Newman Fitness Center,2025-10-02 18:30:00-04:00,56,2025-10-02 18:37:23.583119-04:00
Helen Newman Fitness Center,2025-10-02 19:00:00-04:00,56,2025-10-02 19:13:24.512178-04:00
Helen Newman Fitness Center,2025-10-02 19:30:00-04:00,35,2025-10-02 19:13:24.512178-04:00
Helen Newman Fitness Center,2025-10-02 20:00:00-04:00,35,2025-10-02 19:13:24.512178-04:00
Helen Newman Fitness Center,2025-10-02 20:30:00-04:00,24,2025-10-02 19:13:24.512178-04:00
Helen Newman Fitness Center,2025-10-02 21:00:00-04:00,12,2025-10-02 19:13:24.512178-04:00
Helen Newman Fitness Center,2025-10-02 21:30:00-04:00,7,2025-10-02 19:13:24.512178-04:00
Helen Newman Fitness Center,2025-10-02 22:00:00-04:00,7,2025-10-02 19:13:24.512178-04:00
Helen Newman Fitness Center,2025-10-02 22:30:00-04:00,7,2025-10-02 19:13:24.512178-04:00
Helen Newman Fitness Center,2025-10-02 23:00:00-04:00,7,2025-10-02 19:13:24.512178-04:00
Helen Newman Fitness Center,2025-10-02 23:30:00-04:00,7,2025-10-02 19:13:24.512178-04:00
Noyes Court Basketball,2025-10-02 00:00:00-04:00,0,2025-10-02 00:17:49.085056-04:00
Noyes Court Basketball,2025-10-02 00:30:00-04:00,0,2025-10-02 00:17:49.085056-04:00
Noyes Court Basketball,2025-10-02 01:00:00-04:00,0,2025-10-02 00:17:49.085056-04:00
Noyes Court Basketball,2025-10-02 01:30:00-04:00,0,2025-10-02 00:17:49.085056-04:00
Noyes Court Basketball,2025-10-02 02:00:00-04:00,0,2025-10-02 00:17:49.085056-04:00
Noyes Court Basketball,2025-10-02 02:30:00-04:00,0,2025-10-02 00:17:49.085056-04:00
Noyes Court Basketball,2025-10-02 03:00:00-04:00,0,2025-10-02 00:17:49.085056-04:00
Noyes Court Basketball,2025-10-02 03:30:00-04:00,0,2025-10-02 00:17:49.085056-04:00
Noyes Court Basketball,2025-10-02 04:00:00-04:00,0,2025-10-02 00:17:49.085056-04:00
Noyes Court Basketball,2025-10-02 04:30:00-04:00,0,2025-10-02 00:17:49.085056-04:00
Noyes Court Basketball,2025-10-02 05:00:00-04:00,0,2025-10-02 00:17:49.085056-04:00
Noyes Court Basketball,2025-10-02 05:30:00-04:00,0,2025-10-02 00:17:49.085056-04:00
Noyes Court Basketball,2025-10-02 06:00:00-04:00,0,2025-10-02 00:17:49.085056-04:00
Noyes Court Basketball,2025-10-02 06:30:00-04:00,0,2025-10-02 00:17:49.085056-04:00
Noyes Court Basketball,2025-10-02 07:00:00-04:00,0,2025-10-02 00:17:49.085056-04:00
Noyes Court Basketball,2025-10-02 07:30:00-04:00,0,2025-10-02 00:17:49.085056-04:00
Noyes Court Basketball,2025-10-02 08:00:00-04:00,0,2025-10-02 00:17:49.085056-04:00
Noyes Court Basketball,2025-10-02 08:30:00-04:00,0,2025-10-02 00:17:49.085056-04:00
Noyes Court Basketball,2025-10-02 09:00:00-04:00,0,2025-10-02 00:17:49.085056-04:00
Noyes Court Basketball,2025-10-02 09:30:00-04:00,0,2025-10-02 00:17:49.085056-04:00
Noyes Court Basketball,2025-10-02 10:00:00-04:00,0,2025-10-02 00:17:49.085056-04:00
Noyes Court Basketball,2025-10-02 10:30:00-04:00,0,2025-10-02 00:17:49.085056-04:00
Noyes Court Basketball,2025-10-02 11:00:00-04:00,0,2025-10-02 00:17:49.085056-04:00
Noyes Court Basketball,2025-10-02 11:30:00-04:00,0,2025-10-02 00:17:49.085056-04:00
Noyes Court Basketball,2025-10-02 12:00:00-04:00,0,2025-10-02 00:17:49.085056-04:00
Noyes Court Basketball,2025-10-02 12:30:00-04:00,0,2025-10-02 00:17:49.085056-04:00
Noyes Court Basketball,2025-10-02 13:00:00-04:00,0,2025-10-02 00:17:49.085056-04:00
Noyes Court Basketball,2025-10-02 13:30:00-04:00,0,2025-10-02 00:17:49.085056-04:00
Noyes Court Basketball,2025-10-02 14:00:00-04:00,0,2025-10-02 00:17:49.085056-04:00
Noyes Court Basketball,2025-10-02 14:30:00-04:00,0,2025-10-02 00:17:49.085056-04:00
Noyes Court Basketball,2025-10-02 15:00:00-04:00,0,2025-10-02 00:17:49.085056-04:00
Noyes Court Basketball,2025-10-02 15:30:00-04:00,0,2025-10-02 00:17:49.085056-04:00
Noyes Court Basketball,2025-10-02 16:00:00-04:00,0,2025-10-02 00:17:49.085056-04:00
Noyes Court Basketball,2025-10-02 16:30:00-04:00,0,2025-10-02 00:17:49.085056-04:00
Noyes Court Basketball,2025-10-02 17:00:00-04:00,0,2025-10-02 00:17:49.085056-04:00
Noyes Court Basketball,2025-10-02 17:30:00-04:00,0,2025-10-02 00:17:49.085056-04:00
Noyes Court Basketball,2025-10-02 18:00:00-04:00,0,2025-10-02 00:17:49.085056-04:00
Noyes Court Basketball,2025-10-02 18:30:00-04:00,0,2025-10-02 00:17:49.085056-04:00
Noyes Court Basketball,2025-10-02 19:00:00-04:00,0,2025-10-02 00:17:49.085056-04:00
Noyes Court Basketball,2025-10-02 19:30:00-04:00,0,2025-10-02 00:17:49.085056-04:00
Noyes Court Basketball,2025-10-02 20:00:00-04:00,0,2025-10-02 00:17:49.085056-04:00
Noyes Court Basketball,2025-10-02 20:30:00-04:00,0,2025-10-02 00:17:49.085056-04:00
Noyes Court Basketball,2025-10-02 21:00:00-04:00,0,2025-10-02 00:17:49.085056-04:00
Noyes Court Basketball,2025-10-02 21:30:00-04:00,0,2025-10-02 00:17:49.085056-04:00
Noyes Court Basketball,2025-10-02 22:00:00-04:00,0,2025-10-02 00:17:49.085056-04:00
Noyes Court Basketball,2025-10-02 22:30:00-04:00,0,2025-10-02 00:17:49.085056-04:00
Noyes Court Basketball,2025-10-02 23:00:00-04:00,0,2025-10-02 00:17:49.085056-04:00
Noyes Court Basketball,2025-10-02 23:30:00-04:00,0,2025-10-02 00:17:49.085056-04:00
Noyes Fitness Center,2025-10-02 00:00:00-04:00,8,2025-10-02 00:17:49.085056-04:00
Noyes Fitness Center,2025-10-02 00:30:00-04:00,8,2025-10-02 00:17:49.085056-04:00
Noyes Fitness Center,2025-10-02 01:00:00-04:00,8,2025-10-02 00:17:49.085056-04:00
Noyes Fitness Center,2025-10-02 01:30:00-04:00,8,2025-10-02 00:17:49.085056-04:00
Noyes Fitness Center,2025-10-02 02:00:00-04:00,8,2025-10-02 00:17:49.085056-04:00
Noyes Fitness Center,2025-10-02 02:30:00-04:00,8,2025-10-02 00:17:49.085056-04:00
Noyes Fitness Center,2025-10-02 03:00:00-04:00,8,2025-10-02 00:17:49.085056-04:00
Noyes Fitness Center,2025-10-02 03:30:00-04:00,8,2025-10-02 00:17:49.085056-04:00
Noyes Fitness Center,2025-10-02 04:00:00-04:00,8,2025-10-02 00:17:49.085056-04:00
Noyes Fitness Center,2025-10-02 04:30:00-04:00,8,2025-10-02 00:17:49.085056-04:00
Noyes Fitness Center,2025-10-02 05:00:00-04:00,8,2025-10-02 00:17:49.085056-04:00
Noyes Fitness Center,2025-10-02 05:30:00-04:00,8,2025-10-02 00:17:49.085056-04:00
Noyes Fitness Center,2025-10-02 06:00:00-04:00,8,2025-10-02 00:17:49.085056-04:00
Noyes Fitness Center,2025-10-02 06:30:00-04:00,8,2025-10-02 00:17:49.085056-04:00
Noyes Fitness Center,2025-10-02 07:00:00-04:00,9,2025-10-02 07:12:15.711832-04:00
Noyes Fitness Center,2025-10-02 07:30:00-04:00,15,2025-10-02 07:36:08.696320-04:00
Noyes Fitness Center,2025-10-02 08:00:00-04:00,17,2025-10-02 07:36:08.696320-04:00
Noyes Fitness Center,2025-10-02 08:30:00-04:00,20,2025-10-02 08:30:37.684441-04:00
Noyes Fitness Center,2025-10-02 09:00:00-04:00,18,2025-10-02 09:23:51.921564-04:00
Noyes Fitness Center,2025-10-02 09:30:00-04:00,16,2025-10-02 09:41:54.523878-04:00
Noyes Fitness Center,2025-10-02 10:00:00-04:00,13,2025-10-02 10:14:57.192798-04:00
Noyes Fitness Center,2025-10-02 10:30:00-04:00,11,2025-10-02 10:40:33.169129-04:00
Noyes Fitness Center,2025-10-02 11:00:00-04:00,10,2025-10-02 11:16:08.233545-04:00
Noyes Fitness Center,2025-10-02 11:30:00-04:00,13,2025-10-02 11:16:08.233545-04:00
Noyes Fitness Center,2025-10-02 12:00:00-04:00,17,2025-10-02 12:18:55.184256-04:00
Noyes Fitness Center,2025-10-02 12:30:00-04:00,17,2025-10-02 12:44:01.318570-04:00
Noyes Fitness Center,2025-10-02 13:00:00-04:00,12,2025-10-02 13:11:53.320038-04:00
Noyes Fitness Center,2025-10-02 13:30:00-04:00,13,2025-10-02 13:36:16.923023-04:00
Noyes Fitness Center,2025-10-02 14:00:00-04:00,13,2025-10-02 14:21:35.779580-04:00
Noyes Fitness Center,2025-10-02 14:30:00-04:00,15,2025-10-02 14:44:33.666153-04:00
Noyes Fitness Center,2025-10-02 15:00:00-04:00,24,2025-10-02 15:12:40.993826-04:00
Noyes Fitness Center,2025-10-02 15:30:00-04:00,20,2025-10-02 15:36:27.823454-04:00
Noyes Fitness Center,2025-10-02 16:00:00-04:00,25,2025-10-02 16:16:21.413486-04:00
Noyes Fitness Center,2025-10-02 16:30:00-04:00,29,2025-10-02 16:38:41.159023-04:00
Noyes Fitness Center,2025-10-02 17:00:00-04:00,32,2025-10-02 17:13:19.612938-04:00
Noyes Fitness Center,2025-10-02 17:30:00-04:00,37,2025-10-02 17:35:26.529157-04:00
Noyes Fitness Center,2025-10-02 18:00:00-04:00,35,2025-10-02 18:13:37.429495-04:00
Noyes Fitness Center,2025-10-02 18:30:00-04:00,40,2025-10-02 18:37:23.583119-04:00
Noyes Fitness Center,2025-10-02 19:00:00-04:00,27,2025-10-02 19:13:24.512178-04:00
Noyes Fitness Center,2025-10-02 19:30:00-04:00,29,2025-10-02 19:13:24.512178-04:00
Noyes Fitness Center,2025-10-02 20:00:00-04:00,30,2025-10-02 19:13:24.512178-04:00
Noyes Fitness Center,2025-10-02 20:30:00-04:00,39,2025-10-02 19:13:24.512178-04:00
Noyes Fitness Center,2025-10-02 21:00:00-04:00,39,2025-10-02 19:13:24.512178-04:00
Noyes Fitness Center,2025-10-02 21:30:00-04:00,40,2025-10-02 19:13:24.512178-04:00
Noyes Fitness Center,2025-10-02 22:00:00-04:00,38,2025-10-02 19:13:24.512178-04:00
Noyes Fitness Center,2025-10-02 22:30:00-04:00,38,2025-10-02 19:13:24.512178-04:00
Noyes Fitness Center,2025-10-02 23:00:00-04:00,2,2025-10-02 19:13:24.512178-04:00
Noyes Fitness Center,2025-10-02 23:30:00-04:00,2,2025-10-02 19:13:24.512178-04:00
Teagle Down Fitness Center,2025-10-02 00:00:00-04:00,10,2025-10-02 00:17:49.085056-04:00
Teagle Down Fitness Center,2025-10-02 00:30:00-04:00,10,2025-10-02 00:17:49.085056-04:00
Teagle Down Fitness Center,2025-10-02 01:00:00-04:00,10,2025-10-02 00:17:49.085056-04:00
Teagle Down Fitness Center,2025-10-02 01:30:00-04:00,10,2025-10-02 00:17:49.085056-04:00
Teagle Down Fitness Center,2025-10-02 02:00:00-04:00,10,2025-10-02 00:17:49.085056-04:00
Teagle Down Fitness Center,2025-10-02 02:30:00-04:00,10,2025-10-02 00:17:49.085056-04:00
Teagle Down Fitness Center,2025-10-02 03:00:00-04:00,10,2025-10-02 00:17:49.085056-04:00
Teagle Down Fitness Center,2025-10-02 03:30:00-04:00,10,2025-10-02 00:17:49.085056-04:00
Teagle Down Fitness Center,2025-10-02 04:00:00-04:00,10,2025-10-02 00:17:49.085056-04:00
Teagle Down Fitness Center,2025-10-02 04:30:00-04:00,10,2025-10-02 00:17:49.085056-04:00
Teagle Down Fitness Center,2025-10-02 05:00:00-04:00,10,2025-10-02 00:17:49.085056-04:00
Teagle Down Fitness Center,2025-10-02 05:30:00-04:00,10,2025-10-02 00:17:49.085056-04:00
Teagle Down Fitness Center,2025-10-02 06:00:00-04:00,10,2025-10-02 00:17:49.085056-04:00
Teagle Down Fitness Center,2025-10-02 06:30:00-04:00,10,2025-10-02 00:17:49.085056-04:00
Teagle Down Fitness Center,2025-10-02 07:00:00-04:00,10,2025-10-02 07:12:15.711832-04:00
Teagle Down Fitness Center,2025-10-02 07:30:00-04:00,16,2025-10-02 07:36:08.696320-04:00
Teagle Down Fitness Center,2025-10-02 08:00:00-04:00,20,2025-10-02 07:36:08.696320-04:00
Teagle Down Fitness Center,2025-10-02 08:30:00-04:00,11,2025-10-02 08:30:37.684441-04:00
Teagle Down Fitness Center,2025-10-02 09:00:00-04:00,8,2025-10-02 09:23:51.921564-04:00
Teagle Down Fitness Center,2025-10-02 09:30:00-04:00,10,2025-10-02 09:41:54.523878-04:00
Teagle Down Fitness Center,2025-10-02 10:00:00-04:00,4,2025-10-02 10:14:57.192798-04:00
Teagle Down Fitness Center,2025-10-02 10:30:00-04:00,10,2025-10-02 10:40:33.169129-04:00
Teagle Down Fitness Center,2025-10-02 11:00:00-04:00,13,2025-10-02 11:16:08.233545-04:00
Teagle Down Fitness Center,2025-10-02 11:30:00-04:00,17,2025-10-02 11:16:08.233545-04:00
Teagle Down Fitness Center,2025-10-02 12:00:00-04:00,23,2025-10-02 12:18:55.184256-04:00
Teagle Down Fitness Center,2025-10-02 12:30:00-04:00,20,2025-10-02 12:44:01.318570-04:00
Teagle Down Fitness Center,2025-10-02 13:00:00-04:00,21,2025-10-02 13:11:53.320038-04:00
Teagle Down Fitness Center,2025-10-02 13:30:00-04:00,22,2025-10-02 13:36:16.923023-04:00
Teagle Down Fitness Center,2025-10-02 14:00:00-04:00,18,2025-10-02 14:21:35.779580-04:00
Teagle Down Fitness Center,2025-10-02 14:30:00-04:00,17,2025-10-02 14:44:33.666153-04:00
Teagle Down Fitness Center,2025-10-02 15:00:00-04:00,28,2025-10-02 15:12:40.993826-04:00
Teagle Down Fitness Center,2025-10-02 15:30:00-04:00,24,2025-10-02 15:36:27.823454-04:00
Teagle Down Fitness Center,2025-10-02 16:00:00-04:00,29,2025-10-02 16:16:21.413486-04:00
Teagle Down Fitness Center,2025-10-02 16:30:00-04:00,40,2025-10-02 16:38:41.159023-04:00
Teagle Down Fitness Center,2025-10-02 17:00:00-04:00,36,2025-10-02 17:13:19.612938-04:00
Teagle Down Fitness Center,2025-10-02 17:30:00-04:00,29,2025-10-02 17:35:26.529157-04:00
Teagle Down Fitness Center,2025-10-02 18:00:00-04:00,23,2025-10-02 18:13:37.429495-04:00
Teagle Down Fitness Center,2025-10-02 18:30:00-04:00,24,2025-10-02 18:37:23.583119-04:00
Teagle Down Fitness Center,2025-10-02 19:00:00-04:00,26,2025-10-02 19:13:24.512178-04:00
Teagle Down Fitness Center,2025-10-02 19:30:00-04:00,25,2025-10-02 19:13:24.512178-04:00
Teagle Down Fitness Center,2025-10-02 20:00:00-04:00,26,2025-10-02 19:13:24.512178-04:00
Teagle Down Fitness Center,2025-10-02 20:30:00-04:00,24,2025-10-02 19:13:24.512178-04:00
Teagle Down Fitness Center,2025-10-02 21:00:00-04:00,22,2025-10-02 19:13:24.512178-04:00
Teagle Down Fitness Center,2025-10-02 21:30:00-04:00,24,2025-10-02 19:13:24.512178-04:00
Teagle Down Fitness Center,2025-10-02 22:00:00-04:00,11,2025-10-02 19:13:24.512178-04:00
Teagle Down Fitness Center,2025-10-02 22:30:00-04:00,11,2025-10-02 19:13:24.512178-04:00
Teagle Down Fitness Center,2025-10-02 23:00:00-04:00,1,2025-10-02 19:13:24.512178-04:00
Teagle Down Fitness Center,2025-10-02 23:30:00-04:00,1,2025-10-02 19:13:24.512178-04:00
Teagle Up Fitness Center,2025-10-02 00:00:00-04:00,6,2025-10-02 00:17:49.085056-04:00
Teagle Up Fitness Center,2025-10-02 00:30:00-04:00,6,2025-10-02 00:17:49.085056-04:00
Teagle Up Fitness Center,2025-10-02 01:00:00-04:00,6,2025-10-02 00:17:49.085056-04:00
Teagle Up Fitness Center,2025-10-02 01:30:00-04:00,6,2025-10-02 00:17:49.085056-04:00
Teagle Up Fitness Center,2025-10-02 02:00:00-04:00,6,2025-10-02 00:17:49.085056-04:00
Teagle Up Fitness Center,2025-10-02 02:30:00-04:00,6,2025-10-02 00:17:49.085056-04:00
Teagle Up Fitness Center,2025-10-02 03:00:00-04:00,6,2025-10-02 00:17:49.085056-04:00
Teagle Up Fitness Center,2025-10-02 03:30:00-04:00,6,2025-10-02 00:17:49.085056-04:00
Teagle Up Fitness Center,2025-10-02 04:00:00-04:00,6,2025-10-02 00:17:49.085056-04:00
Teagle Up Fitness Center,2025-10-02 04:30:00-04:00,6,2025-10-02 00:17:49.085056-04:00
Teagle Up Fitness Center,2025-10-02 05:00:00-04:00,6,2025-10-02 00:17:49.085056-04:00
Teagle Up Fitness Center,2025-10-02 05:30:00-04:00,6,2025-10-02 00:17:49.085056-04:00
Teagle Up Fitness Center,2025-10-02 06:00:00-04:00,6,2025-10-02 00:17:49.085056-04:00
Teagle Up Fitness Center,2025-10-02 06:30:00-04:00,6,2025-10-02 00:17:49.085056-04:00
Teagle Up Fitness Center,2025-10-02 07:00:00-04:00,6,2025-10-02 07:12:15.711832-04:00
Teagle Up Fitness Center,2025-10-02 07:30:00-04:00,11,2025-10-02 07:36:08.696320-04:00
Teagle Up Fitness Center,2025-10-02 08:00:00-04:00,14,2025-10-02 07:36:08.696320-04:00
Teagle Up Fitness Center,2025-10-02 08:30:00-04:00,15,2025-10-02 08:30:37.684441-04:00
Teagle Up Fitness Center,2025-10-02 09:00:00-04:00,13,2025-10-02 09:23:51.921564-04:00
Teagle Up Fitness Center,2025-10-02 09:30:00-04:00,13,2025-10-02 09:41:54.523878-04:00
Teagle Up Fitness Center,2025-10-02 10:00:00-04:00,13,2025-10-02 10:14:57.192798-04:00
Teagle Up Fitness Center,2025-10-02 10:30:00-04:00,15,2025-10-02 10:40:33.169129-04:00
Teagle Up Fitness Center,2025-10-02 11:00:00-04:00,16,2025-10-02 11:16:08.233545-04:00
Teagle Up Fitness Center,2025-10-02 11:30:00-04:00,14,2025-10-02 11:16:08.233545-04:00
Teagle Up Fitness Center,2025-10-02 12:00:00-04:00,20,2025-10-02 12:18:55.184256-04:00
Teagle Up Fitness Center,2025-10-02 12:30:00-04:00,22,2025-10-02 12:44:01.318570-04:00
Teagle Up Fitness Center,2025-10-02 13:00:00-04:00,20,2025-10-02 13:11:53.320038-04:00
Teagle Up Fitness Center,2025-10-02 13:30:00-04:00,13,2025-10-02 13:36:16.923023-04:00
Teagle Up Fitness Center,2025-10-02 14:00:00-04:00,11,2025-10-02 14:21:35.779580-04:00
Teagle Up Fitness Center,2025-10-02 14:30:00-04:00,15,2025-10-02 14:44:33.666153-04:00
Teagle Up Fitness Center,2025-10-02 15:00:00-04:00,15,2025-10-02 15:12:40.993826-04:00
Teagle Up Fitness Center,2025-10-02 15:30:00-04:00,18,2025-10-02 15:36:27.823454-04:00
Teagle Up Fitness Center,2025-10-02 16:00:00-04:00,19,2025-10-02 16:16:21.413486-04:00
Teagle Up Fitness Center,2025-10-02 16:30:00-04:00,21,2025-10-02 16:38:41.159023-04:00
Teagle Up Fitness Center,2025-10-02 17:00:00-04:00,28,2025-10-02 17:13:19.612938-04:00
Teagle Up Fitness Center,2025-10-02 17:30:00-04:00,26,2025-10-02 17:35:26.529157-04:00
Teagle Up Fitness Center,2025-10-02 18:00:00-04:00,25,2025-10-02 18:13:37.429495-04:00
Teagle Up Fitness Center,2025-10-02 18:30:00-04:00,16,2025-10-02 18:37:23.583119-04:00
Teagle Up Fitness Center,2025-10-02 19:00:00-04:00,21,2025-10-02 19:13:24.512178-04:00
Teagle Up Fitness Center,2025-10-02 19:30:00-04:00,15,2025-10-02 19:13:24.512178-04:00
Teagle Up Fitness Center,2025-10-02 20:00:00-04:00,13,2025-10-02 19:13:24.512178-04:00
Teagle Up Fitness Center,2025-10-02 20:30:00-04:00,12,2025-10-02 19:13:24.512178-04:00
Teagle Up Fitness Center,2025-10-02 21:00:00-04:00,13,2025-10-02 19:13:24.512178-04:00
Teagle Up Fitness Center,2025-10-02 21:30:00-04:00,12,2025-10-02 19:13:24.512178-04:00
Teagle Up Fitness Center,2025-10-02 22:00:00-04:00,13,2025-10-02 19:13:24.512178-04:00
Teagle Up Fitness Center,2025-10-02 22:30:00-04:00,9,2025-10-02 19:13:24.512178-04:00
Teagle Up Fitness Center,2025-10-02 23:00:00-04:00,2,2025-10-02 19:13:24.512178-04:00
Teagle Up Fitness Center,2025-10-02 23:30:00-04:00,2,2025-10-02 19:13:24.512178-04:00
Toni Morrison Fitness Center,2025-10-02 00:00:00-04:00,7,2025-10-02 00:17:49.085056-04:00
Toni Morrison Fitness Center,2025-10-02 00:30:00-04:00,7,2025-10-02 00:17:49.085056-04:00
Toni Morrison Fitness Center,2025-10-02 01:00:00-04:00,7,2025-10-02 00:17:49.085056-04:00
Toni Morrison Fitness Center,2025-10-02 01:30:00-04:00,7,2025-10-02 00:17:49.085056-04:00
Toni Morrison Fitness Center,2025-10-02 02:00:00-04:00,7,2025-10-02 00:17:49.085056-04:00
Toni Morrison Fitness Center,2025-10-02 02:30:00-04:00,7,2025-10-02 00:17:49.085056-04:00
Toni Morrison Fitness Center,2025-10-02 03:00:00-04:00,7,2025-10-02 00:17:49.085056-04:00
Toni Morrison Fitness Center,2025-10-02 03:30:00-04:00,7,2025-10-02 00:17:49.085056-04:00
Toni Morrison Fitness Center,2025-10-02 04:00:00-04:00,7,2025-10-02 00:17:49.085056-04:00
Toni Morrison Fitness Center,2025-10-02 04:30:00-04:00,7,2025-10-02 00:17:49.085056-04:00
Toni Morrison Fitness Center,2025-10-02 05:00:00-04:00,7,2025-10-02 00:17:49.085056-04:00
Toni Morrison Fitness Center,2025-10-02 05:30:00-04:00,7,2025-10-02 00:17:49.085056-04:00
Toni Morrison Fitness Center,2025-10-02 06:00:00-04:00,7,2025-10-02 00:17:49.085056-04:00
Toni Morrison Fitness Center,2025-10-02 06:30:00-04:00,7,2025-10-02 00:17:49.085056-04:00
Toni Morrison Fitness Center,2025-10-02 07:00:00-04:00,7,2025-10-02 07:12:15.711832-04:00
Toni Morrison Fitness Center,2025-10-02 07:30:00-04:00,7,2025-10-02 07:36:08.696320-04:00
Toni Morrison Fitness Center,2025-10-02 08:00:00-04:00,7,2025-10-02 07:36:08.696320-04:00
Toni Morrison Fitness Center,2025-10-02 08:30:00-04:00,7,2025-10-02 08:30:37.684441-04:00
Toni Morrison Fitness Center,2025-10-02 09:00:00-04:00,7,2025-10-02 09:23:51.921564-04:00
Toni Morrison Fitness Center,2025-10-02 09:30:00-04:00,7,2025-10-02 09:41:54.523878-04:00
Toni Morrison Fitness Center,2025-10-02 10:00:00-04:00,7,2025-10-02 10:14:57.192798-04:00
Toni Morrison Fitness Center,2025-10-02 10:30:00-04:00,7,2025-10-02 10:40:33.169129-04:00
Toni Morrison Fitness Center,2025-10-02 11:00:00-04:00,7,2025-10-02 11:16:08.233545-04:00
Toni Morrison Fitness Center,2025-10-02 11:30:00-04:00,7,2025-10-02 11:16:08.233545-04:00
Toni Morrison Fitness Center,2025-10-02 12:00:00-04:00,7,2025-10-02 12:18:55.184256-04:00
Toni Morrison Fitness Center,2025-10-02 12:30:00-04:00,7,2025-10-02 12:44:01.318570-04:00
Toni Morrison Fitness Center,2025-10-02 13:00:00-04:00,7,2025-10-02 13:11:53.320038-04:00
Toni Morrison Fitness Center,2025-10-02 13:30:00-04:00,7,2025-10-02 13:36:16.923023-04:00
Toni Morrison Fitness Center,2025-10-02 14:00:00-04:00,7,2025-10-02 14:21:35.779580-04:00
Toni Morrison Fitness Center,2025-10-02 14:30:00-04:00,9,2025-10-02 14:44:33.666153-04:00
Toni Morrison Fitness Center,2025-10-02 15:00:00-04:00,11,2025-10-02 15:12:40.993826-04:00
Toni Morrison Fitness Center,2025-10-02 15:30:00-04:00,17,2025-10-02 15:36:27.823454-04:00
Toni Morrison Fitness Center,2025-10-02 16:00:00-04:00,21,2025-10-02 16:16:21.413486-04:00
Toni Morrison Fitness Center,2025-10-02 16:30:00-04:00,28,2025-10-02 16:38:41.159023-04:00
Toni Morrison Fitness Center,2025-10-02 17:00:00-04:00,32,2025-10-02 17:13:19.612938-04:00
Toni Morrison Fitness Center,2025-10-02 17:30:00-04:00,28,2025-10-02 17:35:26.529157-04:00
Toni Morrison Fitness Center,2025-10-02 18:00:00-04:00,28,2025-10-02 18:13:37.429495-04:00
Toni Morrison Fitness Center,2025-10-02 18:30:00-04:00,32,2025-10-02 18:37:23.583119-04:00
Toni Morrison Fitness Center,2025-10-02 19:00:00-04:00,26,2025-10-02 19:13:24.512178-04:00
Toni Morrison Fitness Center,2025-10-02 19:30:00-04:00,26,2025-10-02 19:13:24.512178-04:00
Toni Morrison Fitness Center,2025-10-02 20:00:00-04:00,26,2025-10-02 19:13:24.512178-04:00
Toni Morrison Fitness Center,2025-10-02 20:30:00-04:00,26,2025-10-02 19:13:24.512178-04:00
Toni Morrison Fitness Center,2025-10-02 21:00:00-04:00,29,2025-10-02 19:13:24.512178-04:00
Toni Morrison Fitness Center,2025-10-02 21:30:00-04:00,32,2025-10-02 19:13:24.512178-04:00
Toni Morrison Fitness Center,2025-10-02 22:00:00-04:00,55,2025-10-02 19:13:24.512178-04:00
Toni Morrison Fitness Center,2025-10-02 22:30:00-04:00,55,2025-10-02 19:13:24.512178-04:00
Toni Morrison Fitness Center,2025-10-02 23:00:00-04:00,55,2025-10-02 19:13:24.512178-04:00
Toni Morrison Fitness Center,2025-10-02 23:30:00-04:00,55,2025-10-02 19:13:24.512178-04:00
