Gym Name,Timestamp,Predicted,PredictionMadeAt
HNH Court 1 Basketball,2026-09-25 00:00:00,0,2026-09-25 02:39:21.168714
HNH Court 1 Basketball,2026-09-25 00:15:00,0,2026-09-25 02:39:21.168714
HNH Court 1 Basketball,2026-09-25 00:30:00,0,2026-09-25 02:39:21.168714
HNH Court 1 Basketball,2026-09-25 00:45:00,0,2026-09-25 02:39:21.168714
HNH Court 1 Basketball,2026-09-25 01:00:00,0,2026-09-25 02:39:21.168714
HNH Court 1 Basketball,2026-09-25 01:15:00,0,2026-09-25 02:39:21.168714
HNH Court 1 Basketball,2026-09-25 01:30:00,0,2026-09-25 02:39:21.168714
HNH Court 1 Basketball,2026-09-25 01:45:00,0,2026-09-25 02:39:21.168714
HNH Court 1 Basketball,2026-09-25 02:00:00,0,2026-09-25 02:39:21.168714
HNH Court 1 Basketball,2026-09-25 02:15:00,0,2026-09-25 02:39:21.168714
HNH Court 1 Basketball,2026-09-25 02:30:00,0,2026-09-25 02:39:21.168714
HNH Court 1 Basketball,2026-09-25 02:45:00,0,2026-09-25 02:39:21.168714
HNH Court 1 Basketball,2026-09-25 03:00:00,0,2026-09-25 02:39:21.168714
HNH Court 1 Basketball,2026-09-25 03:15:00,0,2026-09-25 02:39:21.168714
HNH Court 1 Basketball,2026-09-25 03:30:00,0,2026-09-25 02:39:21.168714
HNH Court 1 Basketball,2026-09-25 03:45:00,0,2026-09-25 02:39:21.168714
HNH Court 1 Basketball,2026-09-25 04:00:00,0,2026-09-25 02:39:21.168714
HNH Court 1 Basketball,2026-09-25 04:15:00,0,2026-09-25 02:39:21.168714
HNH Court 1 Basketball,2026-09-25 04:30:00,0,2026-09-25 02:39:21.168714
HNH Court 1 Basketball,2026-09-25 04:45:00,0,2026-09-25 02:39:21.168714
HNH Court 1 Basketball,2026-09-25 05:00:00,0,2026-09-25 02:39:21.168714
HNH Court 1 Basketball,2026-09-25 05:15:00,0,2026-09-25 02:39:21.168714
HNH Court 1 Basketball,2026-09-25 05:30:00,0,2026-09-25 02:39:21.168714
HNH Court 1 Basketball,2026-09-25 05:45:00,0,2026-09-25 02:39:21.168714
HNH Court 1 Basketball,2026-09-25 06:00:00,10,2026-09-25 02:39:21.168714
HNH Court 1 Basketball,2026-09-25 06:15:00,10,2026-09-25 02:39:21.168714
HNH Court 1 Basketball,2026-09-25 06:30:00,10,2026-09-25 02:39:21.168714
HNH Court 1 Basketball,2026-09-25 06:45:00,10,2026-09-25 02:39:21.168714
HNH Court 1 Basketball,2026-09-25 07:00:00,10,2026-09-25 02:39:21.168714
HNH Court 1 Basketball,2026-09-25 07:15:00,10,2026-09-25 02:39:21.168714
HNH Court 1 Basketball,2026-09-25 07:30:00,10,2026-09-25 02:39:21.168714
HNH Court 1 Basketball,2026-09-25 07:45:00,10,2026-09-25 02:39:21.168714
HNH Court 1 Basketball,2026-09-25 08:00:00,10,2026-09-25 02:39:21.168714
HNH Court 1 Basketball,2026-09-25 08:15:00,10,2026-09-25 08:17:25.148280
HNH Court 1 Basketball,2026-09-25 08:30:00,10,2026-09-25 08:17:25.148280
HNH Court 1 Basketball,2026-09-25 08:45:00,10,2026-09-25 08:17:25.148280
HNH Court 1 Basketball,2026-09-25 09:00:00,10,2026-09-25 08:17:25.148280
HNH Court 1 Basketball,2026-09-25 09:15:00,10,2026-09-25 08:17:25.148280
HNH Court 1 Basketball,2026-09-25 09:30:00,10,2026-09-25 08:17:25.148280
HNH Court 1 Basketball,2026-09-25 09:45:00,10,2026-09-25 08:17:25.148280
HNH Court 1 Basketball,2026-09-25 10:00:00,10,2026-09-25 08:17:25.148280
HNH Court 1 Basketball,2026-09-25 10:15:00,10,2026-09-25 08:17:25.148280
HNH Court 1 Basketball,2026-09-25 10:30:00,10,2026-09-25 08:17:25.148280
HNH Court 1 Basketball,2026-09-25 10:45:00,10,2026-09-25 08:17:25.148280
HNH Court 1 Basketball,2026-09-25 11:00:00,10,2026-09-25 08:17:25.148280
HNH Court 1 Basketball,2026-09-25 11:15:00,10,2026-09-25 08:17:25.148280
HNH Court 1 Basketball,2026-09-25 11:30:00,10,2026-09-25 08:17:25.148280
HNH Court 1 Basketball,2026-09-25 11:45:00,10,2026-09-25 08:17:25.148280
HNH Court 1 Basketball,2026-09-25 12:00:00,10,2026-09-25 08:17:25.148280
HNH Court 1 Basketball,2026-09-25 12:15:00,10,2026-09-25 08:17:25.148280
HNH Court 1 Basketball,2026-09-25 12:30:00,10,2026-09-25 08:17:25.148280
HNH Court 1 Basketball,2026-09-25 12:45:00,10,2026-09-25 08:17:25.148280
HNH Court 1 Basketball,2026-09-25 13:00:00,10,2026-09-25 08:17:25.148280
HNH Court 1 Basketball,2026-09-25 13:15:00,10,2026-09-25 08:17:25.148280
HNH Court 1 Basketball,2026-09-25 13:30:00,10,2026-09-25 08:17:25.148280
HNH Court 1 Basketball,2026-09-25 13:45:00,10,2026-09-25 08:17:25.148280
HNH Court 1 Basketball,2026-09-25 14:00:00,10,2026-09-25 08:17:25.148280
HNH Court 1 Basketball,2026-09-25 14:15:00,10,2026-09-25 08:17:25.148280
HNH Court 1 Basketball,2026-09-25 14:30:00,10,2026-09-25 08:17:25.148280
HNH Court 1 Basketball,2026-09-25 14:45:00,10,2026-09-25 08:17:25.148280
HNH Court 1 Basketball,2026-09-25 15:00:00,10,2026-09-25 08:17:25.148280
HNH Court 1 Basketball,2026-09-25 15:15:00,10,2026-09-25 08:17:25.148280
HNH Court 1 Basketball,2026-09-25 15:30:00,10,2026-09-25 08:17:25.148280
HNH Court 1 Basketball,2026-09-25 15:45:00,10,2026-09-25 08:17:25.148280
HNH Court 1 Basketball,2026-09-25 16:00:00,10,2026-09-25 08:17:25.148280
HNH Court 1 Basketball,2026-09-25 16:15:00,10,2026-09-25 08:17:25.148280
HNH Court 1 Basketball,2026-09-25 16:30:00,9,2026-09-25 16:41:07.968585
HNH Court 1 Basketball,2026-09-25 16:45:00,9,2026-09-25 16:41:07.968585
HNH Court 1 Basketball,2026-09-25 17:00:00,11,2026-09-25 16:41:07.968585
HNH Court 1 Basketball,2026-09-25 17:15:00,11,2026-09-25 16:41:07.968585
HNH Court 1 Basketball,2026-09-25 17:30:00,15,2026-09-25 16:41:07.968585
HNH Court 1 Basketball,2026-09-25 17:45:00,15,2026-09-25 16:41:07.968585
HNH Court 1 Basketball,2026-09-25 18:00:00,15,2026-09-25 16:41:07.968585
HNH Court 1 Basketball,2026-09-25 18:15:00,15,2026-09-25 16:41:07.968585
HNH Court 1 Basketball,2026-09-25 18:30:00,15,2026-09-25 16:41:07.968585
HNH Court 1 Basketball,2026-09-25 18:45:00,15,2026-09-25 16:41:07.968585
HNH Court 1 Basketball,2026-09-25 19:00:00,15,2026-09-25 16:41:07.968585
HNH Court 1 Basketball,2026-09-25 19:15:00,14,2026-09-25 16:41:07.968585
HNH Court 1 Basketball,2026-09-25 19:30:00,8,2026-09-25 19:35:57.087648
HNH Court 1 Basketball,2026-09-25 19:45:00,8,2026-09-25 19:35:57.087648
HNH Court 1 Basketball,2026-09-25 20:00:00,9,2026-09-25 19:35:57.087648
HNH Court 1 Basketball,2026-09-25 20:15:00,9,2026-09-25 19:35:57.087648
HNH Court 1 Basketball,2026-09-25 20:30:00,9,2026-09-25 19:35:57.087648
HNH Court 1 Basketball,2026-09-25 20:45:00,9,2026-09-25 19:35:57.087648
HNH Court 1 Basketball,2026-09-25 21:00:00,0,2026-09-25 19:35:57.087648
HNH Court 1 Basketball,2026-09-25 21:15:00,0,2026-09-25 19:35:57.087648
HNH Court 1 Basketball,2026-09-25 21:30:00,0,2026-09-25 19:35:57.087648
HNH Court 1 Basketball,2026-09-25 21:45:00,0,2026-09-25 19:35:57.087648
HNH Court 1 Basketball,2026-09-25 22:00:00,0,2026-09-25 19:35:57.087648
HNH Court 1 Basketball,2026-09-25 22:15:00,0,2026-09-25 19:35:57.087648
HNH Court 1 Basketball,2026-09-25 22:30:00,0,2026-09-25 19:35:57.087648
HNH Court 1 Basketball,2026-09-25 22:45:00,0,2026-09-25 19:35:57.087648
HNH Court 1 Basketball,2026-09-25 23:00:00,0,2026-09-25 19:35:57.087648
HNH Court 1 Basketball,2026-09-25 23:15:00,0,2026-09-25 19:35:57.087648
HNH Court 1 Basketball,2026-09-25 23:30:00,0,2026-09-25 19:35:57.087648
HNH Court 1 Basketball,2026-09-25 23:45:00,0,2026-09-25 19:35:57.087648
HNH Court 2 Volleyball/Badminton,2026-09-25 00:00:00,0,2026-09-25 02:39:21.168714
HNH Court 2 Volleyball/Badminton,2026-09-25 00:15:00,0,2026-09-25 02:39:21.168714
HNH Court 2 Volleyball/Badminton,2026-09-25 00:30:00,0,2026-09-25 02:39:21.168714
HNH Court 2 Volleyball/Badminton,2026-09-25 00:45:00,0,2026-09-25 02:39:21.168714
HNH Court 2 Volleyball/Badminton,2026-09-25 01:00:00,0,2026-09-25 02:39:21.168714
HNH Court 2 Volleyball/Badminton,2026-09-25 01:15:00,0,2026-09-25 02:39:21.168714
HNH Court 2 Volleyball/Badminton,2026-09-25 01:30:00,0,2026-09-25 02:39:21.168714
HNH Court 2 Volleyball/Badminton,2026-09-25 01:45:00,0,2026-09-25 02:39:21.168714
HNH Court 2 Volleyball/Badminton,2026-09-25 02:00:00,0,2026-09-25 02:39:21.168714
HNH Court 2 Volleyball/Badminton,2026-09-25 02:15:00,0,2026-09-25 02:39:21.168714
HNH Court 2 Volleyball/Badminton,2026-09-25 02:30:00,0,2026-09-25 02:39:21.168714
HNH Court 2 Volleyball/Badminton,2026-09-25 02:45:00,0,2026-09-25 02:39:21.168714
HNH Court 2 Volleyball/Badminton,2026-09-25 03:00:00,0,2026-09-25 02:39:21.168714
HNH Court 2 Volleyball/Badminton,2026-09-25 03:15:00,0,2026-09-25 02:39:21.168714
HNH Court 2 Volleyball/Badminton,2026-09-25 03:30:00,0,2026-09-25 02:39:21.168714
HNH Court 2 Volleyball/Badminton,2026-09-25 03:45:00,0,2026-09-25 02:39:21.168714
HNH Court 2 Volleyball/Badminton,2026-09-25 04:00:00,0,2026-09-25 02:39:21.168714
HNH Court 2 Volleyball/Badminton,2026-09-25 04:15:00,0,2026-09-25 02:39:21.168714
HNH Court 2 Volleyball/Badminton,2026-09-25 04:30:00,0,2026-09-25 02:39:21.168714
HNH Court 2 Volleyball/Badminton,2026-09-25 04:45:00,0,2026-09-25 02:39:21.168714
HNH Court 2 Volleyball/Badminton,2026-09-25 05:00:00,0,2026-09-25 02:39:21.168714
HNH Court 2 Volleyball/Badminton,2026-09-25 05:15:00,0,2026-09-25 02:39:21.168714
HNH Court 2 Volleyball/Badminton,2026-09-25 05:30:00,0,2026-09-25 02:39:21.168714
HNH Court 2 Volleyball/Badminton,2026-09-25 05:45:00,0,2026-09-25 02:39:21.168714
HNH Court 2 Volleyball/Badminton,2026-09-25 06:00:00,7,2026-09-25 02:39:21.168714
HNH Court 2 Volleyball/Badminton,2026-09-25 06:15:00,7,2026-09-25 02:39:21.168714
HNH Court 2 Volleyball/Badminton,2026-09-25 06:30:00,7,2026-09-25 02:39:21.168714
HNH Court 2 Volleyball/Badminton,2026-09-25 06:45:00,7,2026-09-25 02:39:21.168714
HNH Court 2 Volleyball/Badminton,2026-09-25 07:00:00,7,2026-09-25 02:39:21.168714
HNH Court 2 Volleyball/Badminton,2026-09-25 07:15:00,7,2026-09-25 02:39:21.168714
HNH Court 2 Volleyball/Badminton,2026-09-25 07:30:00,7,2026-09-25 02:39:21.168714
HNH Court 2 Volleyball/Badminton,2026-09-25 07:45:00,7,2026-09-25 02:39:21.168714
HNH Court 2 Volleyball/Badminton,2026-09-25 08:00:00,7,2026-09-25 02:39:21.168714
HNH Court 2 Volleyball/Badminton,2026-09-25 08:15:00,7,2026-09-25 08:17:25.148280
HNH Court 2 Volleyball/Badminton,2026-09-25 08:30:00,7,2026-09-25 08:17:25.148280
HNH Court 2 Volleyball/Badminton,2026-09-25 08:45:00,7,2026-09-25 08:17:25.148280
HNH Court 2 Volleyball/Badminton,2026-09-25 09:00:00,7,2026-09-25 08:17:25.148280
HNH Court 2 Volleyball/Badminton,2026-09-25 09:15:00,7,2026-09-25 08:17:25.148280
HNH Court 2 Volleyball/Badminton,2026-09-25 09:30:00,7,2026-09-25 08:17:25.148280
HNH Court 2 Volleyball/Badminton,2026-09-25 09:45:00,7,2026-09-25 08:17:25.148280
HNH Court 2 Volleyball/Badminton,2026-09-25 10:00:00,7,2026-09-25 08:17:25.148280
HNH Court 2 Volleyball/Badminton,2026-09-25 10:15:00,7,2026-09-25 08:17:25.148280
HNH Court 2 Volleyball/Badminton,2026-09-25 10:30:00,7,2026-09-25 08:17:25.148280
HNH Court 2 Volleyball/Badminton,2026-09-25 10:45:00,7,2026-09-25 08:17:25.148280
HNH Court 2 Volleyball/Badminton,2026-09-25 11:00:00,7,2026-09-25 08:17:25.148280
HNH Court 2 Volleyball/Badminton,2026-09-25 11:15:00,7,2026-09-25 08:17:25.148280
HNH Court 2 Volleyball/Badminton,2026-09-25 11:30:00,7,2026-09-25 08:17:25.148280
HNH Court 2 Volleyball/Badminton,2026-09-25 11:45:00,7,2026-09-25 08:17:25.148280
HNH Court 2 Volleyball/Badminton,2026-09-25 12:00:00,7,2026-09-25 08:17:25.148280
HNH Court 2 Volleyball/Badminton,2026-09-25 12:15:00,7,2026-09-25 08:17:25.148280
HNH Court 2 Volleyball/Badminton,2026-09-25 12:30:00,7,2026-09-25 08:17:25.148280
HNH Court 2 Volleyball/Badminton,2026-09-25 12:45:00,7,2026-09-25 08:17:25.148280
HNH Court 2 Volleyball/Badminton,2026-09-25 13:00:00,7,2026-09-25 08:17:25.148280
HNH Court 2 Volleyball/Badminton,2026-09-25 13:15:00,7,2026-09-25 08:17:25.148280
HNH Court 2 Volleyball/Badminton,2026-09-25 13:30:00,7,2026-09-25 08:17:25.148280
HNH Court 2 Volleyball/Badminton,2026-09-25 13:45:00,7,2026-09-25 08:17:25.148280
HNH Court 2 Volleyball/Badminton,2026-09-25 14:00:00,7,2026-09-25 08:17:25.148280
HNH Court 2 Volleyball/Badminton,2026-09-25 14:15:00,7,2026-09-25 08:17:25.148280
HNH Court 2 Volleyball/Badminton,2026-09-25 14:30:00,7,2026-09-25 08:17:25.148280
HNH Court 2 Volleyball/Badminton,2026-09-25 14:45:00,7,2026-09-25 08:17:25.148280
HNH Court 2 Volleyball/Badminton,2026-09-25 15:00:00,7,2026-09-25 08:17:25.148280
HNH Court 2 Volleyball/Badminton,2026-09-25 15:15:00,7,2026-09-25 08:17:25.148280
HNH Court 2 Volleyball/Badminton,2026-09-25 15:30:00,7,2026-09-25 08:17:25.148280
HNH Court 2 Volleyball/Badminton,2026-09-25 15:45:00,7,2026-09-25 08:17:25.148280
HNH Court 2 Volleyball/Badminton,2026-09-25 16:00:00,7,2026-09-25 08:17:25.148280
HNH Court 2 Volleyball/Badminton,2026-09-25 16:15:00,6,2026-09-25 08:17:25.148280
HNH Court 2 Volleyball/Badminton,2026-09-25 16:30:00,9,2026-09-25 16:41:07.968585
HNH Court 2 Volleyball/Badminton,2026-09-25 16:45:00,9,2026-09-25 16:41:07.968585
HNH Court 2 Volleyball/Badminton,2026-09-25 17:00:00,9,2026-09-25 16:41:07.968585
HNH Court 2 Volleyball/Badminton,2026-09-25 17:15:00,9,2026-09-25 16:41:07.968585
HNH Court 2 Volleyball/Badminton,2026-09-25 17:30:00,7,2026-09-25 16:41:07.968585
HNH Court 2 Volleyball/Badminton,2026-09-25 17:45:00,7,2026-09-25 16:41:07.968585
HNH Court 2 Volleyball/Badminton,2026-09-25 18:00:00,8,2026-09-25 16:41:07.968585
HNH Court 2 Volleyball/Badminton,2026-09-25 18:15:00,9,2026-09-25 16:41:07.968585
HNH Court 2 Volleyball/Badminton,2026-09-25 18:30:00,9,2026-09-25 16:41:07.968585
HNH Court 2 Volleyball/Badminton,2026-09-25 18:45:00,18,2026-09-25 16:41:07.968585
HNH Court 2 Volleyball/Badminton,2026-09-25 19:00:00,21,2026-09-25 16:41:07.968585
HNH Court 2 Volleyball/Badminton,2026-09-25 19:15:00,21,2026-09-25 16:41:07.968585
HNH Court 2 Volleyball/Badminton,2026-09-25 19:30:00,17,2026-09-25 19:35:57.087648
HNH Court 2 Volleyball/Badminton,2026-09-25 19:45:00,17,2026-09-25 19:35:57.087648
HNH Court 2 Volleyball/Badminton,2026-09-25 20:00:00,16,2026-09-25 19:35:57.087648
HNH Court 2 Volleyball/Badminton,2026-09-25 20:15:00,15,2026-09-25 19:35:57.087648
HNH Court 2 Volleyball/Badminton,2026-09-25 20:30:00,15,2026-09-25 19:35:57.087648
HNH Court 2 Volleyball/Badminton,2026-09-25 20:45:00,15,2026-09-25 19:35:57.087648
HNH Court 2 Volleyball/Badminton,2026-09-25 21:00:00,0,2026-09-25 19:35:57.087648
HNH Court 2 Volleyball/Badminton,2026-09-25 21:15:00,0,2026-09-25 19:35:57.087648
HNH Court 2 Volleyball/Badminton,2026-09-25 21:30:00,0,2026-09-25 19:35:57.087648
HNH Court 2 Volleyball/Badminton,2026-09-25 21:45:00,0,2026-09-25 19:35:57.087648
HNH Court 2 Volleyball/Badminton,2026-09-25 22:00:00,0,2026-09-25 19:35:57.087648
HNH Court 2 Volleyball/Badminton,2026-09-25 22:15:00,0,2026-09-25 19:35:57.087648
HNH Court 2 Volleyball/Badminton,2026-09-25 22:30:00,0,2026-09-25 19:35:57.087648
HNH Court 2 Volleyball/Badminton,2026-09-25 22:45:00,0,2026-09-25 19:35:57.087648
HNH Court 2 Volleyball/Badminton,2026-09-25 23:00:00,0,2026-09-25 19:35:57.087648
HNH Court 2 Volleyball/Badminton,2026-09-25 23:15:00,0,2026-09-25 19:35:57.087648
HNH Court 2 Volleyball/Badminton,2026-09-25 23:30:00,0,2026-09-25 19:35:57.087648
HNH Court 2 Volleyball/Badminton,2026-09-25 23:45:00,0,2026-09-25 19:35:57.087648
Helen Newman Fitness Center,2026-09-25 00:00:00,0,2026-09-25 02:39:21.168714
Helen Newman Fitness Center,2026-09-25 00:15:00,0,2026-09-25 02:39:21.168714
Helen Newman Fitness Center,2026-09-25 00:30:00,0,2026-09-25 02:39:21.168714
Helen Newman Fitness Center,2026-09-25 00:45:00,0,2026-09-25 02:39:21.168714
Helen Newman Fitness Center,2026-09-25 01:00:00,0,2026-09-25 02:39:21.168714
Helen Newman Fitness Center,2026-09-25 01:15:00,0,2026-09-25 02:39:21.168714
Helen Newman Fitness Center,2026-09-25 01:30:00,0,2026-09-25 02:39:21.168714
Helen Newman Fitness Center,2026-09-25 01:45:00,0,2026-09-25 02:39:21.168714
Helen Newman Fitness Center,2026-09-25 02:00:00,0,2026-09-25 02:39:21.168714
Helen Newman Fitness Center,2026-09-25 02:15:00,0,2026-09-25 02:39:21.168714
Helen Newman Fitness Center,2026-09-25 02:30:00,0,2026-09-25 02:39:21.168714
Helen Newman Fitness Center,2026-09-25 02:45:00,0,2026-09-25 02:39:21.168714
Helen Newman Fitness Center,2026-09-25 03:00:00,0,2026-09-25 02:39:21.168714
Helen Newman Fitness Center,2026-09-25 03:15:00,0,2026-09-25 02:39:21.168714
Helen Newman Fitness Center,2026-09-25 03:30:00,0,2026-09-25 02:39:21.168714
Helen Newman Fitness Center,2026-09-25 03:45:00,0,2026-09-25 02:39:21.168714
Helen Newman Fitness Center,2026-09-25 04:00:00,0,2026-09-25 02:39:21.168714
Helen Newman Fitness Center,2026-09-25 04:15:00,0,2026-09-25 02:39:21.168714
Helen Newman Fitness Center,2026-09-25 04:30:00,0,2026-09-25 02:39:21.168714
Helen Newman Fitness Center,2026-09-25 04:45:00,0,2026-09-25 02:39:21.168714
Helen Newman Fitness Center,2026-09-25 05:00:00,0,2026-09-25 02:39:21.168714
Helen Newman Fitness Center,2026-09-25 05:15:00,0,2026-09-25 02:39:21.168714
Helen Newman Fitness Center,2026-09-25 05:30:00,0,2026-09-25 02:39:21.168714
Helen Newman Fitness Center,2026-09-25 05:45:00,0,2026-09-25 02:39:21.168714
Helen Newman Fitness Center,2026-09-25 06:00:00,25,2026-09-25 02:39:21.168714
Helen Newman Fitness Center,2026-09-25 06:15:00,25,2026-09-25 02:39:21.168714
Helen Newman Fitness Center,2026-09-25 06:30:00,25,2026-09-25 02:39:21.168714
Helen Newman Fitness Center,2026-09-25 06:45:00,25,2026-09-25 02:39:21.168714
Helen Newman Fitness Center,2026-09-25 07:00:00,25,2026-09-25 02:39:21.168714
Helen Newman Fitness Center,2026-09-25 07:15:00,25,2026-09-25 02:39:21.168714
Helen Newman Fitness Center,2026-09-25 07:30:00,25,2026-09-25 02:39:21.168714
Helen Newman Fitness Center,2026-09-25 07:45:00,25,2026-09-25 02:39:21.168714
Helen Newman Fitness Center,2026-09-25 08:00:00,25,2026-09-25 02:39:21.168714
Helen Newman Fitness Center,2026-09-25 08:15:00,33,2026-09-25 08:17:25.148280
Helen Newman Fitness Center,2026-09-25 08:30:00,33,2026-09-25 08:17:25.148280
Helen Newman Fitness Center,2026-09-25 08:45:00,27,2026-09-25 08:17:25.148280
Helen Newman Fitness Center,2026-09-25 09:00:00,24,2026-09-25 08:17:25.148280
Helen Newman Fitness Center,2026-09-25 09:15:00,24,2026-09-25 08:17:25.148280
Helen Newman Fitness Center,2026-09-25 09:30:00,24,2026-09-25 08:17:25.148280
Helen Newman Fitness Center,2026-09-25 09:45:00,24,2026-09-25 08:17:25.148280
Helen Newman Fitness Center,2026-09-25 10:00:00,24,2026-09-25 08:17:25.148280
Helen Newman Fitness Center,2026-09-25 10:15:00,23,2026-09-25 08:17:25.148280
Helen Newman Fitness Center,2026-09-25 10:30:00,23,2026-09-25 08:17:25.148280
Helen Newman Fitness Center,2026-09-25 10:45:00,23,2026-09-25 08:17:25.148280
Helen Newman Fitness Center,2026-09-25 11:00:00,22,2026-09-25 08:17:25.148280
Helen Newman Fitness Center,2026-09-25 11:15:00,22,2026-09-25 08:17:25.148280
Helen Newman Fitness Center,2026-09-25 11:30:00,22,2026-09-25 08:17:25.148280
Helen Newman Fitness Center,2026-09-25 11:45:00,22,2026-09-25 08:17:25.148280
Helen Newman Fitness Center,2026-09-25 12:00:00,22,2026-09-25 08:17:25.148280
Helen Newman Fitness Center,2026-09-25 12:15:00,22,2026-09-25 08:17:25.148280
Helen Newman Fitness Center,2026-09-25 12:30:00,22,2026-09-25 08:17:25.148280
Helen Newman Fitness Center,2026-09-25 12:45:00,22,2026-09-25 08:17:25.148280
Helen Newman Fitness Center,2026-09-25 13:00:00,24,2026-09-25 08:17:25.148280
Helen Newman Fitness Center,2026-09-25 13:15:00,26,2026-09-25 13:27:05.036881
Helen Newman Fitness Center,2026-09-25 13:30:00,26,2026-09-25 13:27:05.036881
Helen Newman Fitness Center,2026-09-25 13:45:00,26,2026-09-25 13:27:05.036881
Helen Newman Fitness Center,2026-09-25 14:00:00,26,2026-09-25 13:27:05.036881
Helen Newman Fitness Center,2026-09-25 14:15:00,26,2026-09-25 13:27:05.036881
Helen Newman Fitness Center,2026-09-25 14:30:00,26,2026-09-25 13:27:05.036881
Helen Newman Fitness Center,2026-09-25 14:45:00,31,2026-09-25 13:27:05.036881
Helen Newman Fitness Center,2026-09-25 15:00:00,31,2026-09-25 13:27:05.036881
Helen Newman Fitness Center,2026-09-25 15:15:00,31,2026-09-25 13:27:05.036881
Helen Newman Fitness Center,2026-09-25 15:30:00,39,2026-09-25 13:27:05.036881
Helen Newman Fitness Center,2026-09-25 15:45:00,39,2026-09-25 13:27:05.036881
Helen Newman Fitness Center,2026-09-25 16:00:00,39,2026-09-25 13:27:05.036881
Helen Newman Fitness Center,2026-09-25 16:15:00,39,2026-09-25 13:27:05.036881
Helen Newman Fitness Center,2026-09-25 16:30:00,42,2026-09-25 16:41:07.968585
Helen Newman Fitness Center,2026-09-25 16:45:00,42,2026-09-25 16:41:07.968585
Helen Newman Fitness Center,2026-09-25 17:00:00,42,2026-09-25 16:41:07.968585
Helen Newman Fitness Center,2026-09-25 17:15:00,42,2026-09-25 16:41:07.968585
Helen Newman Fitness Center,2026-09-25 17:30:00,36,2026-09-25 16:41:07.968585
Helen Newman Fitness Center,2026-09-25 17:45:00,35,2026-09-25 16:41:07.968585
Helen Newman Fitness Center,2026-09-25 18:00:00,35,2026-09-25 16:41:07.968585
Helen Newman Fitness Center,2026-09-25 18:15:00,35,2026-09-25 16:41:07.968585
Helen Newman Fitness Center,2026-09-25 18:30:00,35,2026-09-25 16:41:07.968585
Helen Newman Fitness Center,2026-09-25 18:45:00,35,2026-09-25 16:41:07.968585
Helen Newman Fitness Center,2026-09-25 19:00:00,33,2026-09-25 16:41:07.968585
Helen Newman Fitness Center,2026-09-25 19:15:00,32,2026-09-25 16:41:07.968585
Helen Newman Fitness Center,2026-09-25 19:30:00,25,2026-09-25 19:35:57.087648
Helen Newman Fitness Center,2026-09-25 19:45:00,25,2026-09-25 19:35:57.087648
Helen Newman Fitness Center,2026-09-25 20:00:00,25,2026-09-25 19:35:57.087648
Helen Newman Fitness Center,2026-09-25 20:15:00,25,2026-09-25 19:35:57.087648
Helen Newman Fitness Center,2026-09-25 20:30:00,23,2026-09-25 19:35:57.087648
Helen Newman Fitness Center,2026-09-25 20:45:00,16,2026-09-25 19:35:57.087648
Helen Newman Fitness Center,2026-09-25 21:00:00,0,2026-09-25 19:35:57.087648
Helen Newman Fitness Center,2026-09-25 21:15:00,0,2026-09-25 19:35:57.087648
Helen Newman Fitness Center,2026-09-25 21:30:00,0,2026-09-25 19:35:57.087648
Helen Newman Fitness Center,2026-09-25 21:45:00,0,2026-09-25 19:35:57.087648
Helen Newman Fitness Center,2026-09-25 22:00:00,0,2026-09-25 19:35:57.087648
Helen Newman Fitness Center,2026-09-25 22:15:00,0,2026-09-25 19:35:57.087648
Helen Newman Fitness Center,2026-09-25 22:30:00,0,2026-09-25 19:35:57.087648
Helen Newman Fitness Center,2026-09-25 22:45:00,0,2026-09-25 19:35:57.087648
Helen Newman Fitness Center,2026-09-25 23:00:00,0,2026-09-25 19:35:57.087648
Helen Newman Fitness Center,2026-09-25 23:15:00,0,2026-09-25 19:35:57.087648
Helen Newman Fitness Center,2026-09-25 23:30:00,0,2026-09-25 19:35:57.087648
Helen Newman Fitness Center,2026-09-25 23:45:00,0,2026-09-25 19:35:57.087648
Noyes Court Basketball,2026-09-25 00:00:00,0,2026-09-25 02:39:21.168714
Noyes Court Basketball,2026-09-25 00:15:00,0,2026-09-25 02:39:21.168714
Noyes Court Basketball,2026-09-25 00:30:00,0,2026-09-25 02:39:21.168714
Noyes Court Basketball,2026-09-25 00:45:00,0,2026-09-25 02:39:21.168714
Noyes Court Basketball,2026-09-25 01:00:00,0,2026-09-25 02:39:21.168714
Noyes Court Basketball,2026-09-25 01:15:00,0,2026-09-25 02:39:21.168714
Noyes Court Basketball,2026-09-25 01:30:00,0,2026-09-25 02:39:21.168714
Noyes Court Basketball,2026-09-25 01:45:00,0,2026-09-25 02:39:21.168714
Noyes Court Basketball,2026-09-25 02:00:00,0,2026-09-25 02:39:21.168714
Noyes Court Basketball,2026-09-25 02:15:00,0,2026-09-25 02:39:21.168714
Noyes Court Basketball,2026-09-25 02:30:00,0,2026-09-25 02:39:21.168714
Noyes Court Basketball,2026-09-25 02:45:00,0,2026-09-25 02:39:21.168714
Noyes Court Basketball,2026-09-25 03:00:00,0,2026-09-25 02:39:21.168714
Noyes Court Basketball,2026-09-25 03:15:00,0,2026-09-25 02:39:21.168714
Noyes Court Basketball,2026-09-25 03:30:00,0,2026-09-25 02:39:21.168714
Noyes Court Basketball,2026-09-25 03:45:00,0,2026-09-25 02:39:21.168714
Noyes Court Basketball,2026-09-25 04:00:00,0,2026-09-25 02:39:21.168714
Noyes Court Basketball,2026-09-25 04:15:00,0,2026-09-25 02:39:21.168714
Noyes Court Basketball,2026-09-25 04:30:00,0,2026-09-25 02:39:21.168714
Noyes Court Basketball,2026-09-25 04:45:00,0,2026-09-25 02:39:21.168714
Noyes Court Basketball,2026-09-25 05:00:00,0,2026-09-25 02:39:21.168714
Noyes Court Basketball,2026-09-25 05:15:00,0,2026-09-25 02:39:21.168714
Noyes Court Basketball,2026-09-25 05:30:00,0,2026-09-25 02:39:21.168714
Noyes Court Basketball,2026-09-25 05:45:00,0,2026-09-25 02:39:21.168714
Noyes Court Basketball,2026-09-25 06:00:00,0,2026-09-25 02:39:21.168714
Noyes Court Basketball,2026-09-25 06:15:00,0,2026-09-25 02:39:21.168714
Noyes Court Basketball,2026-09-25 06:30:00,0,2026-09-25 02:39:21.168714
Noyes Court Basketball,2026-09-25 06:45:00,0,2026-09-25 02:39:21.168714
Noyes Court Basketball,2026-09-25 07:00:00,6,2026-09-25 02:39:21.168714
Noyes Court Basketball,2026-09-25 07:15:00,6,2026-09-25 02:39:21.168714
Noyes Court Basketball,2026-09-25 07:30:00,6,2026-09-25 02:39:21.168714
Noyes Court Basketball,2026-09-25 07:45:00,6,2026-09-25 02:39:21.168714
Noyes Court Basketball,2026-09-25 08:00:00,6,2026-09-25 02:39:21.168714
Noyes Court Basketball,2026-09-25 08:15:00,6,2026-09-25 02:39:21.168714
Noyes Court Basketball,2026-09-25 08:30:00,6,2026-09-25 02:39:21.168714
Noyes Court Basketball,2026-09-25 08:45:00,6,2026-09-25 02:39:21.168714
Noyes Court Basketball,2026-09-25 09:00:00,6,2026-09-25 02:39:21.168714
Noyes Court Basketball,2026-09-25 09:15:00,6,2026-09-25 02:39:21.168714
Noyes Court Basketball,2026-09-25 09:30:00,0,2026-09-25 02:39:21.168714
Noyes Court Basketball,2026-09-25 09:45:00,0,2026-09-25 02:39:21.168714
Noyes Court Basketball,2026-09-25 10:00:00,0,2026-09-25 02:39:21.168714
Noyes Court Basketball,2026-09-25 10:15:00,0,2026-09-25 02:39:21.168714
Noyes Court Basketball,2026-09-25 10:30:00,0,2026-09-25 02:39:21.168714
Noyes Court Basketball,2026-09-25 10:45:00,0,2026-09-25 02:39:21.168714
Noyes Court Basketball,2026-09-25 11:00:00,0,2026-09-25 02:39:21.168714
Noyes Court Basketball,2026-09-25 11:15:00,0,2026-09-25 02:39:21.168714
Noyes Court Basketball,2026-09-25 11:30:00,0,2026-09-25 02:39:21.168714
Noyes Court Basketball,2026-09-25 11:45:00,0,2026-09-25 02:39:21.168714
Noyes Court Basketball,2026-09-25 12:00:00,6,2026-09-25 02:39:21.168714
Noyes Court Basketball,2026-09-25 12:15:00,6,2026-09-25 02:39:21.168714
Noyes Court Basketball,2026-09-25 12:30:00,6,2026-09-25 02:39:21.168714
Noyes Court Basketball,2026-09-25 12:45:00,6,2026-09-25 02:39:21.168714
Noyes Court Basketball,2026-09-25 13:00:00,6,2026-09-25 02:39:21.168714
Noyes Court Basketball,2026-09-25 13:15:00,6,2026-09-25 02:39:21.168714
Noyes Court Basketball,2026-09-25 13:30:00,6,2026-09-25 02:39:21.168714
Noyes Court Basketball,2026-09-25 13:45:00,6,2026-09-25 02:39:21.168714
Noyes Court Basketball,2026-09-25 14:00:00,6,2026-09-25 02:39:21.168714
Noyes Court Basketball,2026-09-25 14:15:00,7,2026-09-25 02:39:21.168714
Noyes Court Basketball,2026-09-25 14:30:00,7,2026-09-25 02:39:21.168714
Noyes Court Basketball,2026-09-25 14:45:00,7,2026-09-25 02:39:21.168714
Noyes Court Basketball,2026-09-25 15:00:00,7,2026-09-25 02:39:21.168714
Noyes Court Basketball,2026-09-25 15:15:00,7,2026-09-25 02:39:21.168714
Noyes Court Basketball,2026-09-25 15:30:00,7,2026-09-25 02:39:21.168714
Noyes Court Basketball,2026-09-25 15:45:00,7,2026-09-25 02:39:21.168714
Noyes Court Basketball,2026-09-25 16:00:00,7,2026-09-25 02:39:21.168714
Noyes Court Basketball,2026-09-25 16:15:00,7,2026-09-25 02:39:21.168714
Noyes Court Basketball,2026-09-25 16:30:00,12,2026-09-25 16:41:07.968585
Noyes Court Basketball,2026-09-25 16:45:00,12,2026-09-25 16:41:07.968585
Noyes Court Basketball,2026-09-25 17:00:00,15,2026-09-25 16:41:07.968585
Noyes Court Basketball,2026-09-25 17:15:00,15,2026-09-25 16:41:07.968585
Noyes Court Basketball,2026-09-25 17:30:00,15,2026-09-25 16:41:07.968585
Noyes Court Basketball,2026-09-25 17:45:00,15,2026-09-25 16:41:07.968585
Noyes Court Basketball,2026-09-25 18:00:00,14,2026-09-25 16:41:07.968585
Noyes Court Basketball,2026-09-25 18:15:00,13,2026-09-25 16:41:07.968585
Noyes Court Basketball,2026-09-25 18:30:00,13,2026-09-25 16:41:07.968585
Noyes Court Basketball,2026-09-25 18:45:00,13,2026-09-25 16:41:07.968585
Noyes Court Basketball,2026-09-25 19:00:00,13,2026-09-25 16:41:07.968585
Noyes Court Basketball,2026-09-25 19:15:00,12,2026-09-25 16:41:07.968585
Noyes Court Basketball,2026-09-25 19:30:00,5,2026-09-25 19:35:57.087648
Noyes Court Basketball,2026-09-25 19:45:00,6,2026-09-25 19:35:57.087648
Noyes Court Basketball,2026-09-25 20:00:00,6,2026-09-25 19:35:57.087648
Noyes Court Basketball,2026-09-25 20:15:00,6,2026-09-25 19:35:57.087648
Noyes Court Basketball,2026-09-25 20:30:00,6,2026-09-25 19:35:57.087648
Noyes Court Basketball,2026-09-25 20:45:00,6,2026-09-25 19:35:57.087648
Noyes Court Basketball,2026-09-25 21:00:00,6,2026-09-25 19:35:57.087648
Noyes Court Basketball,2026-09-25 21:15:00,7,2026-09-25 19:35:57.087648
Noyes Court Basketball,2026-09-25 21:30:00,7,2026-09-25 19:35:57.087648
Noyes Court Basketball,2026-09-25 21:45:00,6,2026-09-25 19:35:57.087648
Noyes Court Basketball,2026-09-25 22:00:00,6,2026-09-25 19:35:57.087648
Noyes Court Basketball,2026-09-25 22:15:00,4,2026-09-25 19:35:57.087648
Noyes Court Basketball,2026-09-25 22:30:00,0,2026-09-25 19:35:57.087648
Noyes Court Basketball,2026-09-25 22:45:00,0,2026-09-25 19:35:57.087648
Noyes Court Basketball,2026-09-25 23:00:00,0,2026-09-25 19:35:57.087648
Noyes Court Basketball,2026-09-25 23:15:00,0,2026-09-25 19:35:57.087648
Noyes Court Basketball,2026-09-25 23:30:00,0,2026-09-25 19:35:57.087648
Noyes Court Basketball,2026-09-25 23:45:00,0,2026-09-25 19:35:57.087648
Noyes Fitness Center,2026-09-25 00:00:00,0,2026-09-25 02:39:21.168714
Noyes Fitness Center,2026-09-25 00:15:00,0,2026-09-25 02:39:21.168714
Noyes Fitness Center,2026-09-25 00:30:00,0,2026-09-25 02:39:21.168714
Noyes Fitness Center,2026-09-25 00:45:00,0,2026-09-25 02:39:21.168714
Noyes Fitness Center,2026-09-25 01:00:00,0,2026-09-25 02:39:21.168714
Noyes Fitness Center,2026-09-25 01:15:00,0,2026-09-25 02:39:21.168714
Noyes Fitness Center,2026-09-25 01:30:00,0,2026-09-25 02:39:21.168714
Noyes Fitness Center,2026-09-25 01:45:00,0,2026-09-25 02:39:21.168714
Noyes Fitness Center,2026-09-25 02:00:00,0,2026-09-25 02:39:21.168714
Noyes Fitness Center,2026-09-25 02:15:00,0,2026-09-25 02:39:21.168714
Noyes Fitness Center,2026-09-25 02:30:00,0,2026-09-25 02:39:21.168714
Noyes Fitness Center,2026-09-25 02:45:00,0,2026-09-25 02:39:21.168714
Noyes Fitness Center,2026-09-25 03:00:00,0,2026-09-25 02:39:21.168714
Noyes Fitness Center,2026-09-25 03:15:00,0,2026-09-25 02:39:21.168714
Noyes Fitness Center,2026-09-25 03:30:00,0,2026-09-25 02:39:21.168714
Noyes Fitness Center,2026-09-25 03:45:00,0,2026-09-25 02:39:21.168714
Noyes Fitness Center,2026-09-25 04:00:00,0,2026-09-25 02:39:21.168714
Noyes Fitness Center,2026-09-25 04:15:00,0,2026-09-25 02:39:21.168714
Noyes Fitness Center,2026-09-25 04:30:00,0,2026-09-25 02:39:21.168714
Noyes Fitness Center,2026-09-25 04:45:00,0,2026-09-25 02:39:21.168714
Noyes Fitness Center,2026-09-25 05:00:00,0,2026-09-25 02:39:21.168714
Noyes Fitness Center,2026-09-25 05:15:00,0,2026-09-25 02:39:21.168714
Noyes Fitness Center,2026-09-25 05:30:00,0,2026-09-25 02:39:21.168714
Noyes Fitness Center,2026-09-25 05:45:00,0,2026-09-25 02:39:21.168714
Noyes Fitness Center,2026-09-25 06:00:00,0,2026-09-25 02:39:21.168714
Noyes Fitness Center,2026-09-25 06:15:00,0,2026-09-25 02:39:21.168714
Noyes Fitness Center,2026-09-25 06:30:00,0,2026-09-25 02:39:21.168714
Noyes Fitness Center,2026-09-25 06:45:00,0,2026-09-25 02:39:21.168714
Noyes Fitness Center,2026-09-25 07:00:00,12,2026-09-25 02:39:21.168714
Noyes Fitness Center,2026-09-25 07:15:00,12,2026-09-25 02:39:21.168714
Noyes Fitness Center,2026-09-25 07:30:00,12,2026-09-25 02:39:21.168714
Noyes Fitness Center,2026-09-25 07:45:00,12,2026-09-25 02:39:21.168714
Noyes Fitness Center,2026-09-25 08:00:00,12,2026-09-25 02:39:21.168714
Noyes Fitness Center,2026-09-25 08:15:00,9,2026-09-25 08:17:25.148280
Noyes Fitness Center,2026-09-25 08:30:00,9,2026-09-25 08:17:25.148280
Noyes Fitness Center,2026-09-25 08:45:00,8,2026-09-25 08:17:25.148280
Noyes Fitness Center,2026-09-25 09:00:00,5,2026-09-25 08:17:25.148280
Noyes Fitness Center,2026-09-25 09:15:00,5,2026-09-25 08:17:25.148280
Noyes Fitness Center,2026-09-25 09:30:00,0,2026-09-25 08:17:25.148280
Noyes Fitness Center,2026-09-25 09:45:00,0,2026-09-25 08:17:25.148280
Noyes Fitness Center,2026-09-25 10:00:00,0,2026-09-25 08:17:25.148280
Noyes Fitness Center,2026-09-25 10:15:00,0,2026-09-25 08:17:25.148280
Noyes Fitness Center,2026-09-25 10:30:00,0,2026-09-25 08:17:25.148280
Noyes Fitness Center,2026-09-25 10:45:00,0,2026-09-25 08:17:25.148280
Noyes Fitness Center,2026-09-25 11:00:00,0,2026-09-25 08:17:25.148280
Noyes Fitness Center,2026-09-25 11:15:00,0,2026-09-25 08:17:25.148280
Noyes Fitness Center,2026-09-25 11:30:00,0,2026-09-25 08:17:25.148280
Noyes Fitness Center,2026-09-25 11:45:00,0,2026-09-25 08:17:25.148280
Noyes Fitness Center,2026-09-25 12:00:00,11,2026-09-25 08:17:25.148280
Noyes Fitness Center,2026-09-25 12:15:00,11,2026-09-25 08:17:25.148280
Noyes Fitness Center,2026-09-25 12:30:00,12,2026-09-25 08:17:25.148280
Noyes Fitness Center,2026-09-25 12:45:00,12,2026-09-25 08:17:25.148280
Noyes Fitness Center,2026-09-25 13:00:00,20,2026-09-25 08:17:25.148280
Noyes Fitness Center,2026-09-25 13:15:00,29,2026-09-25 13:27:05.036881
Noyes Fitness Center,2026-09-25 13:30:00,29,2026-09-25 13:27:05.036881
Noyes Fitness Center,2026-09-25 13:45:00,28,2026-09-25 13:27:05.036881
Noyes Fitness Center,2026-09-25 14:00:00,28,2026-09-25 13:27:05.036881
Noyes Fitness Center,2026-09-25 14:15:00,27,2026-09-25 13:27:05.036881
Noyes Fitness Center,2026-09-25 14:30:00,27,2026-09-25 13:27:05.036881
Noyes Fitness Center,2026-09-25 14:45:00,27,2026-09-25 13:27:05.036881
Noyes Fitness Center,2026-09-25 15:00:00,29,2026-09-25 13:27:05.036881
Noyes Fitness Center,2026-09-25 15:15:00,29,2026-09-25 13:27:05.036881
Noyes Fitness Center,2026-09-25 15:30:00,28,2026-09-25 13:27:05.036881
Noyes Fitness Center,2026-09-25 15:45:00,28,2026-09-25 13:27:05.036881
Noyes Fitness Center,2026-09-25 16:00:00,27,2026-09-25 13:27:05.036881
Noyes Fitness Center,2026-09-25 16:15:00,27,2026-09-25 13:27:05.036881
Noyes Fitness Center,2026-09-25 16:30:00,35,2026-09-25 16:41:07.968585
Noyes Fitness Center,2026-09-25 16:45:00,35,2026-09-25 16:41:07.968585
Noyes Fitness Center,2026-09-25 17:00:00,35,2026-09-25 16:41:07.968585
Noyes Fitness Center,2026-09-25 17:15:00,34,2026-09-25 16:41:07.968585
Noyes Fitness Center,2026-09-25 17:30:00,31,2026-09-25 16:41:07.968585
Noyes Fitness Center,2026-09-25 17:45:00,31,2026-09-25 16:41:07.968585
Noyes Fitness Center,2026-09-25 18:00:00,31,2026-09-25 16:41:07.968585
Noyes Fitness Center,2026-09-25 18:15:00,31,2026-09-25 16:41:07.968585
Noyes Fitness Center,2026-09-25 18:30:00,34,2026-09-25 16:41:07.968585
Noyes Fitness Center,2026-09-25 18:45:00,34,2026-09-25 16:41:07.968585
Noyes Fitness Center,2026-09-25 19:00:00,34,2026-09-25 16:41:07.968585
Noyes Fitness Center,2026-09-25 19:15:00,34,2026-09-25 16:41:07.968585
Noyes Fitness Center,2026-09-25 19:30:00,29,2026-09-25 19:35:57.087648
Noyes Fitness Center,2026-09-25 19:45:00,29,2026-09-25 19:35:57.087648
Noyes Fitness Center,2026-09-25 20:00:00,32,2026-09-25 19:35:57.087648
Noyes Fitness Center,2026-09-25 20:15:00,33,2026-09-25 19:35:57.087648
Noyes Fitness Center,2026-09-25 20:30:00,33,2026-09-25 19:35:57.087648
Noyes Fitness Center,2026-09-25 20:45:00,34,2026-09-25 19:35:57.087648
Noyes Fitness Center,2026-09-25 21:00:00,34,2026-09-25 19:35:57.087648
Noyes Fitness Center,2026-09-25 21:15:00,34,2026-09-25 19:35:57.087648
Noyes Fitness Center,2026-09-25 21:30:00,37,2026-09-25 19:35:57.087648
Noyes Fitness Center,2026-09-25 21:45:00,37,2026-09-25 19:35:57.087648
Noyes Fitness Center,2026-09-25 22:00:00,33,2026-09-25 19:35:57.087648
Noyes Fitness Center,2026-09-25 22:15:00,28,2026-09-25 19:35:57.087648
Noyes Fitness Center,2026-09-25 22:30:00,0,2026-09-25 19:35:57.087648
Noyes Fitness Center,2026-09-25 22:45:00,0,2026-09-25 19:35:57.087648
Noyes Fitness Center,2026-09-25 23:00:00,0,2026-09-25 19:35:57.087648
Noyes Fitness Center,2026-09-25 23:15:00,0,2026-09-25 19:35:57.087648
Noyes Fitness Center,2026-09-25 23:30:00,0,2026-09-25 19:35:57.087648
Noyes Fitness Center,2026-09-25 23:45:00,0,2026-09-25 19:35:57.087648
Teagle Down Fitness Center,2026-09-25 00:00:00,0,2026-09-25 02:39:21.168714
Teagle Down Fitness Center,2026-09-25 00:15:00,0,2026-09-25 02:39:21.168714
Teagle Down Fitness Center,2026-09-25 00:30:00,0,2026-09-25 02:39:21.168714
Teagle Down Fitness Center,2026-09-25 00:45:00,0,2026-09-25 02:39:21.168714
Teagle Down Fitness Center,2026-09-25 01:00:00,0,2026-09-25 02:39:21.168714
Teagle Down Fitness Center,2026-09-25 01:15:00,0,2026-09-25 02:39:21.168714
Teagle Down Fitness Center,2026-09-25 01:30:00,0,2026-09-25 02:39:21.168714
Teagle Down Fitness Center,2026-09-25 01:45:00,0,2026-09-25 02:39:21.168714
Teagle Down Fitness Center,2026-09-25 02:00:00,0,2026-09-25 02:39:21.168714
Teagle Down Fitness Center,2026-09-25 02:15:00,0,2026-09-25 02:39:21.168714
Teagle Down Fitness Center,2026-09-25 02:30:00,0,2026-09-25 02:39:21.168714
Teagle Down Fitness Center,2026-09-25 02:45:00,0,2026-09-25 02:39:21.168714
Teagle Down Fitness Center,2026-09-25 03:00:00,0,2026-09-25 02:39:21.168714
Teagle Down Fitness Center,2026-09-25 03:15:00,0,2026-09-25 02:39:21.168714
Teagle Down Fitness Center,2026-09-25 03:30:00,0,2026-09-25 02:39:21.168714
Teagle Down Fitness Center,2026-09-25 03:45:00,0,2026-09-25 02:39:21.168714
Teagle Down Fitness Center,2026-09-25 04:00:00,0,2026-09-25 02:39:21.168714
Teagle Down Fitness Center,2026-09-25 04:15:00,0,2026-09-25 02:39:21.168714
Teagle Down Fitness Center,2026-09-25 04:30:00,0,2026-09-25 02:39:21.168714
Teagle Down Fitness Center,2026-09-25 04:45:00,0,2026-09-25 02:39:21.168714
Teagle Down Fitness Center,2026-09-25 05:00:00,0,2026-09-25 02:39:21.168714
Teagle Down Fitness Center,2026-09-25 05:15:00,0,2026-09-25 02:39:21.168714
Teagle Down Fitness Center,2026-09-25 05:30:00,0,2026-09-25 02:39:21.168714
Teagle Down Fitness Center,2026-09-25 05:45:00,0,2026-09-25 02:39:21.168714
Teagle Down Fitness Center,2026-09-25 06:00:00,0,2026-09-25 02:39:21.168714
Teagle Down Fitness Center,2026-09-25 06:15:00,0,2026-09-25 02:39:21.168714
Teagle Down Fitness Center,2026-09-25 06:30:00,0,2026-09-25 02:39:21.168714
Teagle Down Fitness Center,2026-09-25 06:45:00,0,2026-09-25 02:39:21.168714
Teagle Down Fitness Center,2026-09-25 07:00:00,15,2026-09-25 02:39:21.168714
Teagle Down Fitness Center,2026-09-25 07:15:00,15,2026-09-25 02:39:21.168714
Teagle Down Fitness Center,2026-09-25 07:30:00,15,2026-09-25 02:39:21.168714
Teagle Down Fitness Center,2026-09-25 07:45:00,15,2026-09-25 02:39:21.168714
Teagle Down Fitness Center,2026-09-25 08:00:00,15,2026-09-25 02:39:21.168714
Teagle Down Fitness Center,2026-09-25 08:15:00,9,2026-09-25 08:17:25.148280
Teagle Down Fitness Center,2026-09-25 08:30:00,9,2026-09-25 08:17:25.148280
Teagle Down Fitness Center,2026-09-25 08:45:00,8,2026-09-25 08:17:25.148280
Teagle Down Fitness Center,2026-09-25 09:00:00,8,2026-09-25 08:17:25.148280
Teagle Down Fitness Center,2026-09-25 09:15:00,9,2026-09-25 08:17:25.148280
Teagle Down Fitness Center,2026-09-25 09:30:00,9,2026-09-25 08:17:25.148280
Teagle Down Fitness Center,2026-09-25 09:45:00,9,2026-09-25 08:17:25.148280
Teagle Down Fitness Center,2026-09-25 10:00:00,9,2026-09-25 08:17:25.148280
Teagle Down Fitness Center,2026-09-25 10:15:00,10,2026-09-25 08:17:25.148280
Teagle Down Fitness Center,2026-09-25 10:30:00,13,2026-09-25 08:17:25.148280
Teagle Down Fitness Center,2026-09-25 10:45:00,13,2026-09-25 08:17:25.148280
Teagle Down Fitness Center,2026-09-25 11:00:00,13,2026-09-25 08:17:25.148280
Teagle Down Fitness Center,2026-09-25 11:15:00,13,2026-09-25 08:17:25.148280
Teagle Down Fitness Center,2026-09-25 11:30:00,20,2026-09-25 08:17:25.148280
Teagle Down Fitness Center,2026-09-25 11:45:00,20,2026-09-25 08:17:25.148280
Teagle Down Fitness Center,2026-09-25 12:00:00,21,2026-09-25 08:17:25.148280
Teagle Down Fitness Center,2026-09-25 12:15:00,21,2026-09-25 08:17:25.148280
Teagle Down Fitness Center,2026-09-25 12:30:00,21,2026-09-25 08:17:25.148280
Teagle Down Fitness Center,2026-09-25 12:45:00,21,2026-09-25 08:17:25.148280
Teagle Down Fitness Center,2026-09-25 13:00:00,21,2026-09-25 08:17:25.148280
Teagle Down Fitness Center,2026-09-25 13:15:00,26,2026-09-25 13:27:05.036881
Teagle Down Fitness Center,2026-09-25 13:30:00,25,2026-09-25 13:27:05.036881
Teagle Down Fitness Center,2026-09-25 13:45:00,25,2026-09-25 13:27:05.036881
Teagle Down Fitness Center,2026-09-25 14:00:00,25,2026-09-25 13:27:05.036881
Teagle Down Fitness Center,2026-09-25 14:15:00,25,2026-09-25 13:27:05.036881
Teagle Down Fitness Center,2026-09-25 14:30:00,25,2026-09-25 13:27:05.036881
Teagle Down Fitness Center,2026-09-25 14:45:00,25,2026-09-25 13:27:05.036881
Teagle Down Fitness Center,2026-09-25 15:00:00,25,2026-09-25 13:27:05.036881
Teagle Down Fitness Center,2026-09-25 15:15:00,26,2026-09-25 13:27:05.036881
Teagle Down Fitness Center,2026-09-25 15:30:00,27,2026-09-25 13:27:05.036881
Teagle Down Fitness Center,2026-09-25 15:45:00,27,2026-09-25 13:27:05.036881
Teagle Down Fitness Center,2026-09-25 16:00:00,26,2026-09-25 13:27:05.036881
Teagle Down Fitness Center,2026-09-25 16:15:00,26,2026-09-25 13:27:05.036881
Teagle Down Fitness Center,2026-09-25 16:30:00,27,2026-09-25 16:41:07.968585
Teagle Down Fitness Center,2026-09-25 16:45:00,27,2026-09-25 16:41:07.968585
Teagle Down Fitness Center,2026-09-25 17:00:00,26,2026-09-25 16:41:07.968585
Teagle Down Fitness Center,2026-09-25 17:15:00,26,2026-09-25 16:41:07.968585
Teagle Down Fitness Center,2026-09-25 17:30:00,22,2026-09-25 16:41:07.968585
Teagle Down Fitness Center,2026-09-25 17:45:00,22,2026-09-25 16:41:07.968585
Teagle Down Fitness Center,2026-09-25 18:00:00,22,2026-09-25 16:41:07.968585
Teagle Down Fitness Center,2026-09-25 18:15:00,22,2026-09-25 16:41:07.968585
Teagle Down Fitness Center,2026-09-25 18:30:00,22,2026-09-25 16:41:07.968585
Teagle Down Fitness Center,2026-09-25 18:45:00,22,2026-09-25 16:41:07.968585
Teagle Down Fitness Center,2026-09-25 19:00:00,22,2026-09-25 16:41:07.968585
Teagle Down Fitness Center,2026-09-25 19:15:00,21,2026-09-25 16:41:07.968585
Teagle Down Fitness Center,2026-09-25 19:30:00,19,2026-09-25 19:35:57.087648
Teagle Down Fitness Center,2026-09-25 19:45:00,18,2026-09-25 19:35:57.087648
Teagle Down Fitness Center,2026-09-25 20:00:00,18,2026-09-25 19:35:57.087648
Teagle Down Fitness Center,2026-09-25 20:15:00,18,2026-09-25 19:35:57.087648
Teagle Down Fitness Center,2026-09-25 20:30:00,18,2026-09-25 19:35:57.087648
Teagle Down Fitness Center,2026-09-25 20:45:00,18,2026-09-25 19:35:57.087648
Teagle Down Fitness Center,2026-09-25 21:00:00,18,2026-09-25 19:35:57.087648
Teagle Down Fitness Center,2026-09-25 21:15:00,18,2026-09-25 19:35:57.087648
Teagle Down Fitness Center,2026-09-25 21:30:00,15,2026-09-25 19:35:57.087648
Teagle Down Fitness Center,2026-09-25 21:45:00,15,2026-09-25 19:35:57.087648
Teagle Down Fitness Center,2026-09-25 22:00:00,0,2026-09-25 19:35:57.087648
Teagle Down Fitness Center,2026-09-25 22:15:00,0,2026-09-25 19:35:57.087648
Teagle Down Fitness Center,2026-09-25 22:30:00,0,2026-09-25 19:35:57.087648
Teagle Down Fitness Center,2026-09-25 22:45:00,0,2026-09-25 19:35:57.087648
Teagle Down Fitness Center,2026-09-25 23:00:00,0,2026-09-25 19:35:57.087648
Teagle Down Fitness Center,2026-09-25 23:15:00,0,2026-09-25 19:35:57.087648
Teagle Down Fitness Center,2026-09-25 23:30:00,0,2026-09-25 19:35:57.087648
Teagle Down Fitness Center,2026-09-25 23:45:00,0,2026-09-25 19:35:57.087648
Teagle Up Fitness Center,2026-09-25 00:00:00,0,2026-09-25 02:39:21.168714
Teagle Up Fitness Center,2026-09-25 00:15:00,0,2026-09-25 02:39:21.168714
Teagle Up Fitness Center,2026-09-25 00:30:00,0,2026-09-25 02:39:21.168714
Teagle Up Fitness Center,2026-09-25 00:45:00,0,2026-09-25 02:39:21.168714
Teagle Up Fitness Center,2026-09-25 01:00:00,0,2026-09-25 02:39:21.168714
Teagle Up Fitness Center,2026-09-25 01:15:00,0,2026-09-25 02:39:21.168714
Teagle Up Fitness Center,2026-09-25 01:30:00,0,2026-09-25 02:39:21.168714
Teagle Up Fitness Center,2026-09-25 01:45:00,0,2026-09-25 02:39:21.168714
Teagle Up Fitness Center,2026-09-25 02:00:00,0,2026-09-25 02:39:21.168714
Teagle Up Fitness Center,2026-09-25 02:15:00,0,2026-09-25 02:39:21.168714
Teagle Up Fitness Center,2026-09-25 02:30:00,0,2026-09-25 02:39:21.168714
Teagle Up Fitness Center,2026-09-25 02:45:00,0,2026-09-25 02:39:21.168714
Teagle Up Fitness Center,2026-09-25 03:00:00,0,2026-09-25 02:39:21.168714
Teagle Up Fitness Center,2026-09-25 03:15:00,0,2026-09-25 02:39:21.168714
Teagle Up Fitness Center,2026-09-25 03:30:00,0,2026-09-25 02:39:21.168714
Teagle Up Fitness Center,2026-09-25 03:45:00,0,2026-09-25 02:39:21.168714
Teagle Up Fitness Center,2026-09-25 04:00:00,0,2026-09-25 02:39:21.168714
Teagle Up Fitness Center,2026-09-25 04:15:00,0,2026-09-25 02:39:21.168714
Teagle Up Fitness Center,2026-09-25 04:30:00,0,2026-09-25 02:39:21.168714
Teagle Up Fitness Center,2026-09-25 04:45:00,0,2026-09-25 02:39:21.168714
Teagle Up Fitness Center,2026-09-25 05:00:00,0,2026-09-25 02:39:21.168714
Teagle Up Fitness Center,2026-09-25 05:15:00,0,2026-09-25 02:39:21.168714
Teagle Up Fitness Center,2026-09-25 05:30:00,0,2026-09-25 02:39:21.168714
Teagle Up Fitness Center,2026-09-25 05:45:00,0,2026-09-25 02:39:21.168714
Teagle Up Fitness Center,2026-09-25 06:00:00,0,2026-09-25 02:39:21.168714
Teagle Up Fitness Center,2026-09-25 06:15:00,0,2026-09-25 02:39:21.168714
Teagle Up Fitness Center,2026-09-25 06:30:00,0,2026-09-25 02:39:21.168714
Teagle Up Fitness Center,2026-09-25 06:45:00,0,2026-09-25 02:39:21.168714
Teagle Up Fitness Center,2026-09-25 07:00:00,6,2026-09-25 02:39:21.168714
Teagle Up Fitness Center,2026-09-25 07:15:00,6,2026-09-25 02:39:21.168714
Teagle Up Fitness Center,2026-09-25 07:30:00,6,2026-09-25 02:39:21.168714
Teagle Up Fitness Center,2026-09-25 07:45:00,8,2026-09-25 02:39:21.168714
Teagle Up Fitness Center,2026-09-25 08:00:00,8,2026-09-25 02:39:21.168714
Teagle Up Fitness Center,2026-09-25 08:15:00,13,2026-09-25 08:17:25.148280
Teagle Up Fitness Center,2026-09-25 08:30:00,13,2026-09-25 08:17:25.148280
Teagle Up Fitness Center,2026-09-25 08:45:00,14,2026-09-25 08:17:25.148280
Teagle Up Fitness Center,2026-09-25 09:00:00,14,2026-09-25 08:17:25.148280
Teagle Up Fitness Center,2026-09-25 09:15:00,11,2026-09-25 08:17:25.148280
Teagle Up Fitness Center,2026-09-25 09:30:00,11,2026-09-25 08:17:25.148280
Teagle Up Fitness Center,2026-09-25 09:45:00,11,2026-09-25 08:17:25.148280
Teagle Up Fitness Center,2026-09-25 10:00:00,11,2026-09-25 08:17:25.148280
Teagle Up Fitness Center,2026-09-25 10:15:00,11,2026-09-25 08:17:25.148280
Teagle Up Fitness Center,2026-09-25 10:30:00,11,2026-09-25 08:17:25.148280
Teagle Up Fitness Center,2026-09-25 10:45:00,11,2026-09-25 08:17:25.148280
Teagle Up Fitness Center,2026-09-25 11:00:00,11,2026-09-25 08:17:25.148280
Teagle Up Fitness Center,2026-09-25 11:15:00,11,2026-09-25 08:17:25.148280
Teagle Up Fitness Center,2026-09-25 11:30:00,16,2026-09-25 08:17:25.148280
Teagle Up Fitness Center,2026-09-25 11:45:00,16,2026-09-25 08:17:25.148280
Teagle Up Fitness Center,2026-09-25 12:00:00,17,2026-09-25 08:17:25.148280
Teagle Up Fitness Center,2026-09-25 12:15:00,17,2026-09-25 08:17:25.148280
Teagle Up Fitness Center,2026-09-25 12:30:00,17,2026-09-25 08:17:25.148280
Teagle Up Fitness Center,2026-09-25 12:45:00,17,2026-09-25 08:17:25.148280
Teagle Up Fitness Center,2026-09-25 13:00:00,17,2026-09-25 08:17:25.148280
Teagle Up Fitness Center,2026-09-25 13:15:00,24,2026-09-25 13:27:05.036881
Teagle Up Fitness Center,2026-09-25 13:30:00,24,2026-09-25 13:27:05.036881
Teagle Up Fitness Center,2026-09-25 13:45:00,23,2026-09-25 13:27:05.036881
Teagle Up Fitness Center,2026-09-25 14:00:00,23,2026-09-25 13:27:05.036881
Teagle Up Fitness Center,2026-09-25 14:15:00,22,2026-09-25 13:27:05.036881
Teagle Up Fitness Center,2026-09-25 14:30:00,22,2026-09-25 13:27:05.036881
Teagle Up Fitness Center,2026-09-25 14:45:00,22,2026-09-25 13:27:05.036881
Teagle Up Fitness Center,2026-09-25 15:00:00,22,2026-09-25 13:27:05.036881
Teagle Up Fitness Center,2026-09-25 15:15:00,22,2026-09-25 13:27:05.036881
Teagle Up Fitness Center,2026-09-25 15:30:00,22,2026-09-25 13:27:05.036881
Teagle Up Fitness Center,2026-09-25 15:45:00,21,2026-09-25 13:27:05.036881
Teagle Up Fitness Center,2026-09-25 16:00:00,21,2026-09-25 13:27:05.036881
Teagle Up Fitness Center,2026-09-25 16:15:00,21,2026-09-25 13:27:05.036881
Teagle Up Fitness Center,2026-09-25 16:30:00,16,2026-09-25 16:41:07.968585
Teagle Up Fitness Center,2026-09-25 16:45:00,16,2026-09-25 16:41:07.968585
Teagle Up Fitness Center,2026-09-25 17:00:00,16,2026-09-25 16:41:07.968585
Teagle Up Fitness Center,2026-09-25 17:15:00,16,2026-09-25 16:41:07.968585
Teagle Up Fitness Center,2026-09-25 17:30:00,21,2026-09-25 16:41:07.968585
Teagle Up Fitness Center,2026-09-25 17:45:00,22,2026-09-25 16:41:07.968585
Teagle Up Fitness Center,2026-09-25 18:00:00,22,2026-09-25 16:41:07.968585
Teagle Up Fitness Center,2026-09-25 18:15:00,22,2026-09-25 16:41:07.968585
Teagle Up Fitness Center,2026-09-25 18:30:00,22,2026-09-25 16:41:07.968585
Teagle Up Fitness Center,2026-09-25 18:45:00,22,2026-09-25 16:41:07.968585
Teagle Up Fitness Center,2026-09-25 19:00:00,21,2026-09-25 16:41:07.968585
Teagle Up Fitness Center,2026-09-25 19:15:00,21,2026-09-25 16:41:07.968585
Teagle Up Fitness Center,2026-09-25 19:30:00,12,2026-09-25 19:35:57.087648
Teagle Up Fitness Center,2026-09-25 19:45:00,11,2026-09-25 19:35:57.087648
Teagle Up Fitness Center,2026-09-25 20:00:00,10,2026-09-25 19:35:57.087648
Teagle Up Fitness Center,2026-09-25 20:15:00,10,2026-09-25 19:35:57.087648
Teagle Up Fitness Center,2026-09-25 20:30:00,10,2026-09-25 19:35:57.087648
Teagle Up Fitness Center,2026-09-25 20:45:00,10,2026-09-25 19:35:57.087648
Teagle Up Fitness Center,2026-09-25 21:00:00,11,2026-09-25 19:35:57.087648
Teagle Up Fitness Center,2026-09-25 21:15:00,11,2026-09-25 19:35:57.087648
Teagle Up Fitness Center,2026-09-25 21:30:00,9,2026-09-25 19:35:57.087648
Teagle Up Fitness Center,2026-09-25 21:45:00,3,2026-09-25 19:35:57.087648
Teagle Up Fitness Center,2026-09-25 22:00:00,0,2026-09-25 19:35:57.087648
Teagle Up Fitness Center,2026-09-25 22:15:00,0,2026-09-25 19:35:57.087648
Teagle Up Fitness Center,2026-09-25 22:30:00,0,2026-09-25 19:35:57.087648
Teagle Up Fitness Center,2026-09-25 22:45:00,0,2026-09-25 19:35:57.087648
Teagle Up Fitness Center,2026-09-25 23:00:00,0,2026-09-25 19:35:57.087648
Teagle Up Fitness Center,2026-09-25 23:15:00,0,2026-09-25 19:35:57.087648
Teagle Up Fitness Center,2026-09-25 23:30:00,0,2026-09-25 19:35:57.087648
Teagle Up Fitness Center,2026-09-25 23:45:00,0,2026-09-25 19:35:57.087648
Toni Morrison Fitness Center,2026-09-25 00:00:00,0,2026-09-25 02:39:21.168714
Toni Morrison Fitness Center,2026-09-25 00:15:00,0,2026-09-25 02:39:21.168714
Toni Morrison Fitness Center,2026-09-25 00:30:00,0,2026-09-25 02:39:21.168714
Toni Morrison Fitness Center,2026-09-25 00:45:00,0,2026-09-25 02:39:21.168714
Toni Morrison Fitness Center,2026-09-25 01:00:00,0,2026-09-25 02:39:21.168714
Toni Morrison Fitness Center,2026-09-25 01:15:00,0,2026-09-25 02:39:21.168714
Toni Morrison Fitness Center,2026-09-25 01:30:00,0,2026-09-25 02:39:21.168714
Toni Morrison Fitness Center,2026-09-25 01:45:00,0,2026-09-25 02:39:21.168714
Toni Morrison Fitness Center,2026-09-25 02:00:00,0,2026-09-25 02:39:21.168714
Toni Morrison Fitness Center,2026-09-25 02:15:00,0,2026-09-25 02:39:21.168714
Toni Morrison Fitness Center,2026-09-25 02:30:00,0,2026-09-25 02:39:21.168714
Toni Morrison Fitness Center,2026-09-25 02:45:00,0,2026-09-25 02:39:21.168714
Toni Morrison Fitness Center,2026-09-25 03:00:00,0,2026-09-25 02:39:21.168714
Toni Morrison Fitness Center,2026-09-25 03:15:00,0,2026-09-25 02:39:21.168714
Toni Morrison Fitness Center,2026-09-25 03:30:00,0,2026-09-25 02:39:21.168714
Toni Morrison Fitness Center,2026-09-25 03:45:00,0,2026-09-25 02:39:21.168714
Toni Morrison Fitness Center,2026-09-25 04:00:00,0,2026-09-25 02:39:21.168714
Toni Morrison Fitness Center,2026-09-25 04:15:00,0,2026-09-25 02:39:21.168714
Toni Morrison Fitness Center,2026-09-25 04:30:00,0,2026-09-25 02:39:21.168714
Toni Morrison Fitness Center,2026-09-25 04:45:00,0,2026-09-25 02:39:21.168714
Toni Morrison Fitness Center,2026-09-25 05:00:00,0,2026-09-25 02:39:21.168714
Toni Morrison Fitness Center,2026-09-25 05:15:00,0,2026-09-25 02:39:21.168714
Toni Morrison Fitness Center,2026-09-25 05:30:00,0,2026-09-25 02:39:21.168714
Toni Morrison Fitness Center,2026-09-25 05:45:00,0,2026-09-25 02:39:21.168714
Toni Morrison Fitness Center,2026-09-25 06:00:00,0,2026-09-25 02:39:21.168714
Toni Morrison Fitness Center,2026-09-25 06:15:00,0,2026-09-25 02:39:21.168714
Toni Morrison Fitness Center,2026-09-25 06:30:00,0,2026-09-25 02:39:21.168714
Toni Morrison Fitness Center,2026-09-25 06:45:00,0,2026-09-25 02:39:21.168714
Toni Morrison Fitness Center,2026-09-25 07:00:00,0,2026-09-25 02:39:21.168714
Toni Morrison Fitness Center,2026-09-25 07:15:00,0,2026-09-25 02:39:21.168714
Toni Morrison Fitness Center,2026-09-25 07:30:00,0,2026-09-25 02:39:21.168714
Toni Morrison Fitness Center,2026-09-25 07:45:00,0,2026-09-25 02:39:21.168714
Toni Morrison Fitness Center,2026-09-25 08:00:00,0,2026-09-25 02:39:21.168714
Toni Morrison Fitness Center,2026-09-25 08:15:00,0,2026-09-25 02:39:21.168714
Toni Morrison Fitness Center,2026-09-25 08:30:00,0,2026-09-25 02:39:21.168714
Toni Morrison Fitness Center,2026-09-25 08:45:00,0,2026-09-25 02:39:21.168714
Toni Morrison Fitness Center,2026-09-25 09:00:00,0,2026-09-25 02:39:21.168714
Toni Morrison Fitness Center,2026-09-25 09:15:00,0,2026-09-25 02:39:21.168714
Toni Morrison Fitness Center,2026-09-25 09:30:00,0,2026-09-25 02:39:21.168714
Toni Morrison Fitness Center,2026-09-25 09:45:00,0,2026-09-25 02:39:21.168714
Toni Morrison Fitness Center,2026-09-25 10:00:00,0,2026-09-25 02:39:21.168714
Toni Morrison Fitness Center,2026-09-25 10:15:00,0,2026-09-25 02:39:21.168714
Toni Morrison Fitness Center,2026-09-25 10:30:00,0,2026-09-25 02:39:21.168714
Toni Morrison Fitness Center,2026-09-25 10:45:00,0,2026-09-25 02:39:21.168714
Toni Morrison Fitness Center,2026-09-25 11:00:00,0,2026-09-25 02:39:21.168714
Toni Morrison Fitness Center,2026-09-25 11:15:00,0,2026-09-25 02:39:21.168714
Toni Morrison Fitness Center,2026-09-25 11:30:00,0,2026-09-25 02:39:21.168714
Toni Morrison Fitness Center,2026-09-25 11:45:00,0,2026-09-25 02:39:21.168714
Toni Morrison Fitness Center,2026-09-25 12:00:00,0,2026-09-25 02:39:21.168714
Toni Morrison Fitness Center,2026-09-25 12:15:00,0,2026-09-25 02:39:21.168714
Toni Morrison Fitness Center,2026-09-25 12:30:00,0,2026-09-25 02:39:21.168714
Toni Morrison Fitness Center,2026-09-25 12:45:00,0,2026-09-25 02:39:21.168714
Toni Morrison Fitness Center,2026-09-25 13:00:00,0,2026-09-25 02:39:21.168714
Toni Morrison Fitness Center,2026-09-25 13:15:00,0,2026-09-25 02:39:21.168714
Toni Morrison Fitness Center,2026-09-25 13:30:00,0,2026-09-25 02:39:21.168714
Toni Morrison Fitness Center,2026-09-25 13:45:00,0,2026-09-25 02:39:21.168714
Toni Morrison Fitness Center,2026-09-25 14:00:00,0,2026-09-25 02:39:21.168714
Toni Morrison Fitness Center,2026-09-25 14:15:00,0,2026-09-25 02:39:21.168714
Toni Morrison Fitness Center,2026-09-25 14:30:00,0,2026-09-25 02:39:21.168714
Toni Morrison Fitness Center,2026-09-25 14:45:00,0,2026-09-25 02:39:21.168714
Toni Morrison Fitness Center,2026-09-25 15:00:00,0,2026-09-25 02:39:21.168714
Toni Morrison Fitness Center,2026-09-25 15:15:00,0,2026-09-25 02:39:21.168714
Toni Morrison Fitness Center,2026-09-25 15:30:00,0,2026-09-25 02:39:21.168714
Toni Morrison Fitness Center,2026-09-25 15:45:00,0,2026-09-25 02:39:21.168714
Toni Morrison Fitness Center,2026-09-25 16:00:00,0,2026-09-25 02:39:21.168714
Toni Morrison Fitness Center,2026-09-25 16:15:00,0,2026-09-25 02:39:21.168714
Toni Morrison Fitness Center,2026-09-25 16:30:00,0,2026-09-25 02:39:21.168714
Toni Morrison Fitness Center,2026-09-25 16:45:00,0,2026-09-25 02:39:21.168714
Toni Morrison Fitness Center,2026-09-25 17:00:00,23,2026-09-25 02:39:21.168714
Toni Morrison Fitness Center,2026-09-25 17:15:00,23,2026-09-25 02:39:21.168714
Toni Morrison Fitness Center,2026-09-25 17:30:00,23,2026-09-25 02:39:21.168714
Toni Morrison Fitness Center,2026-09-25 17:45:00,23,2026-09-25 02:39:21.168714
Toni Morrison Fitness Center,2026-09-25 18:00:00,23,2026-09-25 02:39:21.168714
Toni Morrison Fitness Center,2026-09-25 18:15:00,25,2026-09-25 02:39:21.168714
Toni Morrison Fitness Center,2026-09-25 18:30:00,27,2026-09-25 02:39:21.168714
Toni Morrison Fitness Center,2026-09-25 18:45:00,27,2026-09-25 02:39:21.168714
Toni Morrison Fitness Center,2026-09-25 19:00:00,27,2026-09-25 02:39:21.168714
Toni Morrison Fitness Center,2026-09-25 19:15:00,27,2026-09-25 02:39:21.168714
Toni Morrison Fitness Center,2026-09-25 19:30:00,25,2026-09-25 19:35:57.087648
Toni Morrison Fitness Center,2026-09-25 19:45:00,24,2026-09-25 19:35:57.087648
Toni Morrison Fitness Center,2026-09-25 20:00:00,24,2026-09-25 19:35:57.087648
Toni Morrison Fitness Center,2026-09-25 20:15:00,25,2026-09-25 19:35:57.087648
Toni Morrison Fitness Center,2026-09-25 20:30:00,25,2026-09-25 19:35:57.087648
Toni Morrison Fitness Center,2026-09-25 20:45:00,30,2026-09-25 19:35:57.087648
Toni Morrison Fitness Center,2026-09-25 21:00:00,32,2026-09-25 19:35:57.087648
Toni Morrison Fitness Center,2026-09-25 21:15:00,32,2026-09-25 19:35:57.087648
Toni Morrison Fitness Center,2026-09-25 21:30:00,32,2026-09-25 19:35:57.087648
Toni Morrison Fitness Center,2026-09-25 21:45:00,32,2026-09-25 19:35:57.087648
Toni Morrison Fitness Center,2026-09-25 22:00:00,32,2026-09-25 19:35:57.087648
Toni Morrison Fitness Center,2026-09-25 22:15:00,29,2026-09-25 19:35:57.087648
Toni Morrison Fitness Center,2026-09-25 22:30:00,29,2026-09-25 19:35:57.087648
Toni Morrison Fitness Center,2026-09-25 22:45:00,27,2026-09-25 19:35:57.087648
Toni Morrison Fitness Center,2026-09-25 23:00:00,0,2026-09-25 19:35:57.087648
Toni Morrison Fitness Center,2026-09-25 23:15:00,0,2026-09-25 19:35:57.087648
Toni Morrison Fitness Center,2026-09-25 23:30:00,0,2026-09-25 19:35:57.087648
Toni Morrison Fitness Center,2026-09-25 23:45:00,0,2026-09-25 19:35:57.087648
